8 degree,,,15 degree,,,45 degree,,,90 degree,,
Extension (mm),Load (N),N.mm,Extension (mm),Load (N),N.mm,Extension (mm),Load (N),N.mm,Extension (mm),Load (N),N.mm
0.00031,2.4,0.00096,0.00002,4.17,0.001668,0.00085,4.95,0.00198,0.00086,4.88,0.001952
0.00071,2.83,0.001132,0.00042,4.56,0.001824,0.00125,5.24,0.002096,0.00126,5.38,0.00269
0.00111,2.98,0.001192,0.00082,4.61,0.001844,0.00165,5.44,0.002176,0.00176,5.86,0.002344
0.00151,3.35,0.00134,0.00122,5,0.002,0.00205,5.81,0.002324,0.00216,6.19,0.003095
0.00191,3.71,0.001484,0.00162,5.26,0.002104,0.00245,6.2,0.00248,0.00266,6.75,0.0027
0.00231,3.85,0.00154,0.00202,5.58,0.002232,0.00285,6.31,0.003155,0.00306,7.31,0.002924
0.00271,4.37,0.001748,0.00242,5.82,0.002328,0.00335,6.68,0.002672,0.00346,7.85,0.00314
0.00311,4.77,0.001908,0.00282,6.18,0.002472,0.00375,7.09,0.002836,0.00386,8.31,0.003324
0.00351,4.87,0.001948,0.00322,6.49,0.002596,0.00415,7.49,0.002996,0.00426,8.73,0.003492
0.00391,5.4,0.00216,0.00362,6.79,0.002716,0.00455,7.77,0.003885,0.00466,9.18,0.003672
0.00431,5.67,0.002268,0.00402,6.97,0.002788,0.00505,8.33,0.003332,0.00506,9.81,0.003924
0.00471,6.1,0.00305,0.00442,7.53,0.003012,0.00545,8.61,0.004305,0.00546,10.22,0.004088
0.00521,6.49,0.002596,0.00482,7.77,0.003108,0.00595,9.03,0.004515,0.00586,10.75,0.0043
0.00561,6.6,0.00264,0.00522,8.25,0.0033,0.00645,9.52,0.003808,0.00626,11.08,0.004432
0.00601,7.02,0.002808,0.00562,8.54,0.003416,0.00685,9.76,0.003904,0.00666,11.65,0.00466
0.00641,7.48,0.002992,0.00602,8.92,0.003568,0.00725,10.24,0.00512,0.00706,12.17,0.004868
0.00681,7.8,0.00312,0.00642,9.21,0.003684,0.00775,10.64,0.004256,0.00746,12.65,0.00506
0.00721,8.15,0.002445,0.00682,9.51,0.004755,0.00815,11.23,0.005615,0.00786,13.14,0.005256
0.00751,8.49,0.004245,0.00732,9.92,0.003968,0.00865,11.63,0.004652,0.00826,13.79,0.005516
0.00801,8.87,0.003548,0.00772,10.27,0.004108,0.00905,11.99,0.004796,0.00866,14.24,0.005696
0.00841,9.34,0.003736,0.00812,10.69,0.004276,0.00945,12.2,0.00488,0.00906,14.82,0.005928
0.00881,9.86,0.00493,0.00852,11.05,0.00442,0.00985,12.84,0.005136,0.00946,15.4,0.00616
0.00931,10.13,0.005065,0.00892,11.4,0.0057,0.01025,13.13,0.005252,0.00986,16.04,0.006416
0.00981,10.73,0.004292,0.00942,11.83,0.004732,0.01065,13.57,0.005428,0.01026,16.53,0.006612
0.01021,11.04,0.004416,0.00982,12.35,0.006175,0.01105,13.98,0.005592,0.01066,17.05,0.00682
0.01061,11.54,0.00577,0.01032,12.58,0.005032,0.01145,14.58,0.005832,0.01106,17.78,0.007112
0.01111,12.06,0.004824,0.01072,13.06,0.005224,0.01185,14.89,0.005956,0.01146,18.26,0.00913
0.01151,12.45,0.00498,0.01112,13.42,0.00671,0.01225,15.24,0.006096,0.01196,18.86,0.007544
0.01191,12.75,0.006375,0.01162,13.75,0.0055,0.01265,15.52,0.006208,0.01236,19.54,0.007816
0.01241,13.24,0.005296,0.01202,14.21,0.007105,0.01305,16.09,0.006436,0.01276,20.16,0.008064
0.01281,13.78,0.005512,0.01252,14.62,0.005848,0.01345,16.63,0.006652,0.01316,20.63,0.008252
0.01321,14.1,0.00564,0.01292,14.91,0.007455,0.01385,16.93,0.006772,0.01356,21.29,0.008516
0.01361,14.61,0.007305,0.01342,15.46,0.006184,0.01425,17.44,0.006976,0.01396,21.83,0.008732
0.01411,14.96,0.005984,0.01382,15.88,0.006352,0.01465,17.98,0.007192,0.01436,22.5,0.01125
0.01451,15.47,0.006188,0.01422,16.18,0.006472,0.01505,18.32,0.007328,0.01486,23.25,0.0093
0.01491,15.84,0.006336,0.01462,16.5,0.0066,0.01545,18.7,0.00748,0.01526,24,0.0096
0.01531,16.18,0.006472,0.01502,16.98,0.00849,0.01585,19.1,0.00764,0.01566,24.64,0.01232
0.01571,16.68,0.006672,0.01552,17.25,0.0069,0.01625,19.63,0.007852,0.01616,25.3,0.01012
0.01611,17.24,0.006896,0.01592,17.65,0.005295,0.01665,20.12,0.008048,0.01656,25.97,0.010388
0.01651,17.56,0.007024,0.01622,18.06,0.007224,0.01705,20.45,0.00818,0.01696,26.53,0.010612
0.01691,17.98,0.007192,0.01662,18.44,0.00922,0.01745,20.95,0.00838,0.01736,27.24,0.01362
0.01731,18.26,0.007304,0.01712,18.67,0.007468,0.01785,21.54,0.008616,0.01786,27.87,0.011148
0.01771,18.73,0.007492,0.01752,19.21,0.007684,0.01825,21.89,0.008756,0.01826,28.83,0.014415
0.01811,19.16,0.007664,0.01792,19.57,0.007828,0.01865,22.45,0.011225,0.01876,29.58,0.01479
0.01851,19.77,0.007908,0.01832,19.93,0.007972,0.01915,22.68,0.009072,0.01926,30.25,0.0121
0.01891,20.14,0.01007,0.01872,20.29,0.008116,0.01955,23.24,0.009296,0.01966,30.86,0.012344
0.01941,20.49,0.008196,0.01912,20.68,0.008272,0.01995,23.63,0.009452,0.02006,31.53,0.012612
0.01981,20.85,0.00834,0.01952,21.27,0.008508,0.02035,24.16,0.01208,0.02046,31.98,0.01599
0.02021,21.3,0.00852,0.01992,21.56,0.008624,0.02085,24.67,0.009868,0.02096,32.72,0.013088
0.02061,21.75,0.0087,0.02032,21.99,0.008796,0.02125,25.1,0.01004,0.02136,33.34,0.013336
0.02101,22.29,0.008916,0.02072,22.33,0.008932,0.02165,25.64,0.01282,0.02176,33.95,0.01358
0.02141,22.68,0.009072,0.02112,22.79,0.009116,0.02215,26.13,0.010452,0.02216,34.64,0.010392
0.02181,23.12,0.009248,0.02152,23.05,0.00922,0.02255,26.44,0.01322,0.02246,35.3,0.01765
0.02221,23.5,0.0094,0.02192,23.5,0.01175,0.02305,27.03,0.010812,0.02296,35.91,0.014364
0.02261,24.09,0.009636,0.02242,24.08,0.009632,0.02345,27.54,0.011016,0.02336,36.54,0.010962
0.02301,24.52,0.009808,0.02282,24.27,0.009708,0.02385,28.14,0.01407,0.02366,37.12,0.014848
0.02341,24.96,0.009984,0.02322,24.82,0.009928,0.02435,28.53,0.011412,0.02406,37.69,0.015076
0.02381,25.3,0.01012,0.02362,25.13,0.010052,0.02475,29.1,0.01164,0.02446,38.35,0.019175
0.02421,25.76,0.01288,0.02402,25.47,0.010188,0.02515,29.4,0.0147,0.02496,39.08,0.011724
0.02471,26.33,0.010532,0.02442,26.11,0.010444,0.02565,30.13,0.012052,0.02526,39.64,0.015856
0.02511,26.71,0.010684,0.02482,26.32,0.010528,0.02605,30.38,0.012152,0.02566,40.42,0.016168
0.02551,27.09,0.013545,0.02522,26.79,0.013395,0.02645,30.8,0.01232,0.02606,40.85,0.01634
0.02601,27.61,0.011044,0.02572,27.2,0.01088,0.02685,31.31,0.012524,0.02646,41.5,0.0166
0.02641,28.04,0.011216,0.02612,27.78,0.011112,0.02725,31.46,0.012584,0.02686,42.3,0.02115
0.02681,28.68,0.01434,0.02652,28.21,0.011284,0.02765,32.23,0.012892,0.02736,42.9,0.01287
0.02731,29.08,0.011632,0.02692,28.65,0.014325,0.02805,32.71,0.013084,0.02766,43.52,0.02176
0.02771,29.55,0.01182,0.02742,29.07,0.011628,0.02845,33.11,0.013244,0.02816,44.2,0.01768
0.02811,30.19,0.015095,0.02782,29.39,0.011756,0.02885,33.43,0.013372,0.02856,44.6,0.01784
0.02861,30.58,0.012232,0.02822,29.85,0.01194,0.02925,33.75,0.0135,0.02896,45.31,0.018124
0.02901,31.07,0.012428,0.02862,30.14,0.012056,0.02965,34.33,0.013732,0.02936,46.11,0.018444
0.02941,31.61,0.015805,0.02902,30.7,0.01535,0.03005,34.91,0.013964,0.02976,46.75,0.0187
0.02991,31.92,0.012768,0.02952,31.23,0.012492,0.03045,35.2,0.01408,0.03016,47.22,0.018888
0.03031,32.28,0.012912,0.02992,31.58,0.012632,0.03085,35.83,0.014332,0.03056,47.85,0.01914
0.03071,33.03,0.016515,0.03032,32.09,0.016045,0.03125,36.25,0.0145,0.03096,48.6,0.0243
0.03121,33.39,0.013356,0.03082,32.6,0.01304,0.03165,36.54,0.014616,0.03146,49.29,0.019716
0.03161,33.79,0.013516,0.03122,32.96,0.01648,0.03205,37,0.0148,0.03186,49.91,0.019964
0.03201,33.33,0.013332,0.03172,33.52,0.013408,0.03245,37.44,0.014976,0.03226,50.54,0.02527
0.03241,33.53,0.013412,0.03212,33.92,0.013568,0.03285,38.06,0.015224,0.03276,51.21,0.020484
0.03281,33.92,0.013568,0.03252,34.39,0.013756,0.03325,38.54,0.015416,0.03316,51.91,0.020764
0.03321,34.28,0.013712,0.03292,34.68,0.013872,0.03365,38.95,0.01558,0.03356,52.56,0.02628
0.03361,34.69,0.013876,0.03332,35.15,0.01406,0.03405,39.39,0.015756,0.03406,53.22,0.021288
0.03401,34.97,0.013988,0.03372,35.47,0.014188,0.03445,39.94,0.015976,0.03446,53.93,0.026965
0.03441,35.42,0.014168,0.03412,35.85,0.01434,0.03485,40.53,0.020265,0.03496,54.51,0.021804
0.03481,36.01,0.014404,0.03452,36.36,0.014544,0.03535,40.73,0.016292,0.03536,55.32,0.02766
0.03521,36.36,0.014544,0.03492,36.85,0.01474,0.03575,41.45,0.01658,0.03586,55.87,0.022348
0.03561,36.71,0.014684,0.03532,37.2,0.01488,0.03615,41.98,0.016792,0.03626,56.62,0.022648
0.03601,37.21,0.014884,0.03572,37.59,0.015036,0.03655,42.32,0.016928,0.03666,57.16,0.02858
0.03641,37.46,0.014984,0.03612,37.9,0.01516,0.03695,42.88,0.02144,0.03716,57.75,0.0231
0.03681,37.88,0.015152,0.03652,38.4,0.01536,0.03745,43.4,0.01736,0.03756,58.4,0.02336
0.03721,38.39,0.015356,0.03692,38.85,0.01554,0.03785,43.98,0.017592,0.03796,58.93,0.023572
0.03761,38.82,0.015528,0.03732,39.36,0.01968,0.03825,44.64,0.017856,0.03836,59.53,0.023812
0.03801,39.17,0.015668,0.03782,39.77,0.015908,0.03865,45.05,0.022525,0.03876,59.94,0.023976
0.03841,39.6,0.01584,0.03822,40.27,0.016108,0.03915,45.41,0.018164,0.03916,60.59,0.024236
0.03881,40.04,0.016016,0.03862,40.61,0.016244,0.03955,46.02,0.02301,0.03956,61.28,0.024512
0.03921,40.66,0.02033,0.03902,40.95,0.012285,0.04005,46.42,0.018568,0.03996,61.8,0.02472
0.03971,41.05,0.01642,0.03932,41.6,0.0208,0.04045,46.99,0.023495,0.04036,62.38,0.024952
0.04011,41.28,0.016512,0.03982,42.02,0.016808,0.04095,47.54,0.019016,0.04076,63.05,0.02522
0.04051,41.73,0.016692,0.04022,42.53,0.017012,0.04135,48.22,0.02411,0.04116,63.48,0.025392
0.04091,42.09,0.016836,0.04062,42.86,0.017144,0.04185,48.47,0.019388,0.04156,63.96,0.025584
0.04131,42.55,0.01702,0.04102,43.17,0.017268,0.04225,49.1,0.01964,0.04196,64.8,0.02592
0.04171,42.73,0.017092,0.04142,43.72,0.017488,0.04265,49.6,0.01984,0.04236,65.33,0.026132
0.04211,42.87,0.021435,0.04182,44.26,0.017704,0.04305,50,0.02,0.04276,65.83,0.026332
0.04261,43.39,0.017356,0.04222,44.73,0.022365,0.04345,50.42,0.020168,0.04316,66.47,0.019941
0.04301,43.76,0.017504,0.04272,45.06,0.018024,0.04385,50.87,0.025435,0.04346,66.9,0.03345
0.04341,44.09,0.022045,0.04312,45.48,0.018192,0.04435,51.23,0.020492,0.04396,67.43,0.026972
0.04391,44.1,0.01764,0.04352,45.96,0.02298,0.04475,51.74,0.020696,0.04436,68.2,0.02728
0.04431,43.82,0.02191,0.04402,46.54,0.018616,0.04515,52.08,0.020832,0.04476,68.64,0.027456
0.04481,39.16,0.015664,0.04442,46.96,0.018784,0.04555,52.48,0.020992,0.04516,69.43,0.027772
0.04521,37.66,0.01883,0.04482,47.51,0.019004,0.04595,53.04,0.021216,0.04556,69.84,0.027936
0.04571,37.8,0.01512,0.04522,47.97,0.019188,0.04635,53.28,0.021312,0.04596,70.54,0.028216
0.04611,38.06,0.015224,0.04562,48.28,0.028968,0.04675,54.13,0.021652,0.04636,71.11,0.028444
0.04651,38.54,0.01927,0.04622,48.7,0.01948,0.04715,54.37,0.021748,0.04676,71.54,0.028616
0.04701,38.95,0.01558,0.04662,49.36,0.019744,0.04755,54.82,0.021928,0.04716,72.39,0.028956
0.04741,39.79,0.015916,0.04702,49.77,0.019908,0.04795,55.32,0.022128,0.04756,73.01,0.029204
0.04781,40.1,0.01604,0.04742,50.29,0.025145,0.04835,55.62,0.022248,0.04796,73.48,0.029392
0.04821,40.39,0.016156,0.04792,50.7,0.02028,0.04875,56.11,0.022444,0.04836,73.99,0.036995
0.04861,40.91,0.016364,0.04832,51.26,0.02563,0.04915,56.64,0.022656,0.04886,74.89,0.029956
0.04901,41.33,0.016532,0.04882,51.62,0.020648,0.04955,56.92,0.022768,0.04926,75.44,0.030176
0.04941,41.91,0.016764,0.04922,51.96,0.015588,0.04995,57.44,0.022976,0.04966,76.1,0.03044
0.04981,42.34,0.016936,0.04952,52.28,0.02614,0.05035,57.92,0.023168,0.05006,76.64,0.03832
0.05021,42.7,0.01708,0.05002,52.94,0.021176,0.05075,58.42,0.023368,0.05056,77.24,0.030896
0.05061,43.23,0.017292,0.05042,53.24,0.021296,0.05115,58.96,0.02948,0.05096,77.93,0.031172
0.05101,43.42,0.017368,0.05082,53.53,0.021412,0.05165,59.36,0.023744,0.05136,78.69,0.039345
0.05141,43.96,0.017584,0.05122,53.98,0.021592,0.05205,59.84,0.023936,0.05186,79.29,0.031716
0.05181,44.34,0.017736,0.05162,54.37,0.021748,0.05245,60.23,0.024092,0.05226,80.02,0.04001
0.05221,44.68,0.017872,0.05202,54.92,0.016476,0.05285,60.6,0.02424,0.05276,80.74,0.032296
0.05261,45.07,0.018028,0.05232,55.2,0.0276,0.05325,61.13,0.024452,0.05316,81.29,0.040645
0.05301,45.54,0.018216,0.05282,55.51,0.016653,0.05365,61.71,0.030855,0.05366,81.96,0.032784
0.05341,46.02,0.018408,0.05312,55.83,0.027915,0.05415,62.14,0.024856,0.05406,82.54,0.033016
0.05381,46.3,0.01852,0.05362,56.18,0.022472,0.05455,62.62,0.025048,0.05446,83.11,0.033244
0.05421,46.8,0.01872,0.05402,56.54,0.022616,0.05495,63.15,0.031575,0.05486,83.52,0.033408
0.05461,47.08,0.02354,0.05442,56.96,0.022784,0.05545,63.46,0.025384,0.05526,84.34,0.033736
0.05511,47.42,0.018968,0.05482,57.36,0.022944,0.05585,64.08,0.03204,0.05566,84.88,0.033952
0.05551,48,0.0192,0.05522,57.83,0.023132,0.05635,64.55,0.02582,0.05606,85.37,0.034148
0.05591,48.13,0.019252,0.05562,58.17,0.023268,0.05675,64.95,0.032475,0.05646,86.14,0.034456
0.05631,48.49,0.019396,0.05602,58.53,0.023412,0.05725,65.34,0.026136,0.05686,86.81,0.034724
0.05671,48.65,0.01946,0.05642,58.96,0.023584,0.05765,66.07,0.026428,0.05726,87.26,0.034904
0.05711,49.02,0.019608,0.05682,59.39,0.023756,0.05805,66.46,0.03323,0.05766,87.76,0.035104
0.05751,49.28,0.019712,0.05722,59.66,0.023864,0.05855,66.9,0.02676,0.05806,88.37,0.035348
0.05791,49.78,0.019912,0.05762,59.98,0.023992,0.05895,67.3,0.03365,0.05846,89.03,0.035612
0.05831,50.13,0.025065,0.05802,60.5,0.0242,0.05945,67.78,0.027112,0.05886,89.71,0.035884
0.05881,50.43,0.020172,0.05842,60.99,0.030495,0.05985,68.37,0.027348,0.05926,90.1,0.03604
0.05921,50.94,0.020376,0.05892,61.24,0.024496,0.06025,68.65,0.02746,0.05966,90.72,0.036288
0.05961,51.38,0.02569,0.05932,61.58,0.024632,0.06065,69.13,0.027652,0.06006,91.25,0.0365
0.06011,51.59,0.020636,0.05972,61.83,0.024732,0.06105,69.72,0.027888,0.06046,91.92,0.036768
0.06051,52.01,0.026005,0.06012,62.29,0.024916,0.06145,70.12,0.028048,0.06086,92.54,0.037016
0.06101,52.47,0.020988,0.06052,62.54,0.025016,0.06185,70.6,0.02824,0.06126,92.72,0.037088
0.06141,53.04,0.021216,0.06092,63.13,0.031565,0.06225,70.85,0.02834,0.06166,93.43,0.037372
0.06181,53.24,0.02662,0.06142,63.47,0.025388,0.06265,71.31,0.028524,0.06206,93.94,0.037576
0.06231,53.69,0.026845,0.06182,64.03,0.025612,0.06305,71.81,0.028724,0.06246,94.54,0.037816
0.06281,54.08,0.021632,0.06222,64.2,0.0321,0.06345,72.19,0.028876,0.06286,95.03,0.038012
0.06321,54.53,0.021812,0.06272,64.74,0.03237,0.06385,72.76,0.029104,0.06326,95.51,0.038204
0.06361,54.88,0.02744,0.06322,65.12,0.03256,0.06425,73.03,0.029212,0.06366,95.88,0.038352
0.06411,55.19,0.022076,0.06372,65.5,0.0262,0.06465,73.55,0.02942,0.06406,96.46,0.038584
0.06451,55.61,0.022244,0.06412,65.88,0.026352,0.06505,74.07,0.029628,0.06446,97.09,0.048545
0.06491,55.97,0.027985,0.06452,66.23,0.026492,0.06545,74.5,0.0298,0.06496,97.55,0.03902
0.06541,56.21,0.022484,0.06492,66.5,0.0266,0.06585,75.01,0.030004,0.06536,97.65,0.03906
0.06581,56.67,0.022668,0.06532,66.9,0.03345,0.06625,75.38,0.030152,0.06576,97.98,0.039192
0.06621,56.92,0.022768,0.06582,67.3,0.02692,0.06665,75.69,0.030276,0.06616,98.54,0.04927
0.06661,57.47,0.022988,0.06622,67.72,0.027088,0.06705,76.16,0.03808,0.06666,98.96,0.039584
0.06701,57.75,0.017325,0.06662,68.05,0.02722,0.06755,76.61,0.030644,0.06706,99.48,0.039792
0.06731,57.92,0.023168,0.06702,68.31,0.027324,0.06795,77.07,0.030828,0.06746,99.67,0.049835
0.06771,58.33,0.023332,0.06742,68.48,0.027392,0.06835,77.56,0.031024,0.06796,100.2,0.04008
0.06811,58.64,0.023456,0.06782,69.11,0.034555,0.06875,77.99,0.031196,0.06836,100.5,0.05025
0.06851,59.05,0.02362,0.06832,69.3,0.02772,0.06915,78.42,0.031368,0.06886,101.32,0.040528
0.06891,59.31,0.023724,0.06872,69.72,0.027888,0.06955,78.84,0.031536,0.06926,101.88,0.05094
0.06931,59.87,0.023948,0.06912,70.05,0.02802,0.06995,79.35,0.03174,0.06976,102.18,0.040872
0.06971,60.32,0.024128,0.06952,70.34,0.028136,0.07035,79.93,0.039965,0.07016,102.65,0.04106
0.07011,60.37,0.024148,0.06992,70.69,0.021207,0.07085,80.47,0.032188,0.07056,102.91,0.041164
0.07051,60.84,0.024336,0.07022,70.96,0.03548,0.07125,80.78,0.032312,0.07096,102.14,0.040856
0.07091,61.21,0.030605,0.07072,71.38,0.028552,0.07165,81.38,0.032552,0.07136,101.1,0.05055
0.07141,61.77,0.024708,0.07112,71.72,0.028688,0.07205,81.87,0.040935,0.07186,101.54,0.040616
0.07181,62.22,0.024888,0.07152,72.36,0.028944,0.07255,82.29,0.032916,0.07226,102.39,0.040956
0.07221,62.34,0.024936,0.07192,72.53,0.021759,0.07295,82.69,0.033076,0.07266,102.97,0.041188
0.07261,62.81,0.025124,0.07222,72.81,0.036405,0.07335,83.2,0.0416,0.07306,103.64,0.041456
0.07301,63.08,0.025232,0.07272,73.12,0.029248,0.07385,83.87,0.033548,0.07346,104.12,0.041648
0.07341,63.5,0.0254,0.07312,73.51,0.036755,0.07425,84.26,0.04213,0.07386,104.71,0.041884
0.07381,63.93,0.025572,0.07362,73.99,0.029596,0.07475,84.84,0.033936,0.07426,105.24,0.042096
0.07421,64.22,0.025688,0.07402,74.33,0.029732,0.07515,85.34,0.04267,0.07466,105.68,0.042272
0.07461,64.44,0.025776,0.07442,74.59,0.029836,0.07565,85.67,0.034268,0.07506,106.32,0.042528
0.07501,64.91,0.025964,0.07482,75.1,0.03004,0.07605,86.09,0.034436,0.07546,106.99,0.042796
0.07541,65.12,0.03256,0.07522,75.32,0.030128,0.07645,86.52,0.034608,0.07586,107.47,0.042988
0.07591,65.4,0.02616,0.07562,75.64,0.030256,0.07685,87.07,0.043535,0.07626,107.25,0.0429
0.07631,65.83,0.026332,0.07602,75.94,0.03797,0.07735,87.37,0.034948,0.07666,107.8,0.04312
0.07671,66.08,0.03304,0.07652,76.44,0.030576,0.07775,87.78,0.035112,0.07706,108.04,0.043216
0.07721,66.45,0.02658,0.07692,76.71,0.030684,0.07815,88.19,0.035276,0.07746,108.48,0.043392
0.07761,66.5,0.03325,0.07732,76.98,0.03849,0.07855,88.51,0.035404,0.07786,108.87,0.043548
0.07811,66.89,0.026756,0.07782,77.55,0.03102,0.07895,89.12,0.035648,0.07826,109.57,0.043828
0.07851,67.36,0.026944,0.07822,77.99,0.038995,0.07935,89.3,0.03572,0.07866,110.12,0.05506
0.07891,67.63,0.033815,0.07872,78.36,0.031344,0.07975,89.59,0.035836,0.07916,110.81,0.044324
0.07941,67.7,0.02708,0.07912,78.84,0.03942,0.08015,90.1,0.03604,0.07956,111.67,0.044668
0.07981,68,0.0272,0.07962,79.21,0.031684,0.08055,90.39,0.036156,0.07996,112.12,0.033636
0.08021,68.5,0.03425,0.08002,79.52,0.031808,0.08095,90.61,0.027183,0.08026,112.37,0.044948
0.08071,68.74,0.027496,0.08042,80,0.032,0.08125,90.94,0.04547,0.08066,112.59,0.033777
0.08111,69.21,0.027684,0.08082,80.46,0.04023,0.08175,91.27,0.036508,0.08096,113.1,0.04524
0.08151,69.16,0.027664,0.08132,80.85,0.03234,0.08215,91.55,0.03662,0.08136,113.61,0.056805
0.08191,68.41,0.034205,0.08172,81.2,0.0406,0.08255,91.73,0.036692,0.08186,114.57,0.045828
0.08241,68.61,0.027444,0.08222,81.36,0.032544,0.08295,91.91,0.036764,0.08226,114.96,0.045984
0.08281,68.87,0.027548,0.08262,81.7,0.03268,0.08335,91.96,0.036784,0.08266,115.53,0.057765
0.08321,69.02,0.027608,0.08302,82.13,0.032852,0.08375,92.03,0.036812,0.08316,116.12,0.05806
0.08361,69.52,0.027808,0.08342,82.52,0.033008,0.08415,92.12,0.036848,0.08366,116.61,0.046644
0.08401,69.79,0.027916,0.08382,82.88,0.033152,0.08455,92.07,0.036828,0.08406,117.3,0.05865
0.08441,70.22,0.028088,0.08422,83.16,0.033264,0.08495,92.03,0.036812,0.08456,117.59,0.047036
0.08481,70.55,0.02822,0.08462,83.54,0.033416,0.08535,92.16,0.036864,0.08496,117.98,0.047192
0.08521,70.89,0.028356,0.08502,84,0.042,0.08575,92.43,0.036972,0.08536,118.64,0.05932
0.08561,71.25,0.0285,0.08552,84.26,0.025278,0.08615,92.73,0.046365,0.08586,119.33,0.047732
0.08601,71.49,0.028596,0.08582,84.53,0.033812,0.08665,92.98,0.037192,0.08626,119.95,0.059975
0.08641,71.84,0.028736,0.08622,84.99,0.033996,0.08705,93.2,0.03728,0.08676,120.3,0.04812
0.08681,72.22,0.028888,0.08662,85.33,0.034132,0.08745,93.53,0.037412,0.08716,120.83,0.048332
0.08721,72.54,0.029016,0.08702,85.72,0.034288,0.08785,93.87,0.037548,0.08756,120.97,0.048388
0.08761,72.65,0.02906,0.08742,85.91,0.034364,0.08825,94.15,0.03766,0.08796,120.67,0.048268
0.08801,73.07,0.029228,0.08782,86.29,0.034516,0.08865,94.56,0.037824,0.08836,120.96,0.06048
0.08841,73.6,0.0368,0.08822,86.78,0.04339,0.08905,94.76,0.04738,0.08886,121.66,0.048664
0.08891,73.71,0.022113,0.08872,87.06,0.034824,0.08955,94.99,0.037996,0.08926,122.11,0.048844
0.08921,74.1,0.03705,0.08912,87.28,0.034912,0.08995,95.43,0.047715,0.08966,122.77,0.049108
0.08971,74.19,0.029676,0.08952,87.95,0.03518,0.09045,95.96,0.038384,0.09006,123.21,0.049284
0.09011,74.53,0.029812,0.08992,88.2,0.03528,0.09085,96.21,0.038484,0.09046,123.54,0.037062
0.09051,74.79,0.029916,0.09032,88.52,0.035408,0.09125,96.68,0.058008,0.09076,123.94,0.049576
0.09091,75.04,0.030016,0.09072,88.96,0.035584,0.09185,97.5,0.039,0.09116,124.28,0.06214
0.09131,75.23,0.037615,0.09112,89.37,0.035748,0.09225,97.69,0.039076,0.09166,124.14,0.037242
0.09181,75.01,0.030004,0.09152,89.74,0.04487,0.09265,97.92,0.039168,0.09196,124.69,0.049876
0.09221,75.3,0.03012,0.09202,90.05,0.03602,0.09305,98.29,0.039316,0.09236,125.08,0.050032
0.09261,75.53,0.030212,0.09242,90.42,0.036168,0.09345,98.34,0.039336,0.09276,125.72,0.050288
0.09301,75.6,0.03024,0.09282,90.61,0.036244,0.09385,98.6,0.03944,0.09316,125.99,0.050396
0.09341,75.98,0.030392,0.09322,91.05,0.03642,0.09425,98.81,0.039524,0.09356,126.53,0.050612
0.09381,76.17,0.038085,0.09362,91.5,0.0366,0.09465,98.82,0.039528,0.09396,127.17,0.050868
0.09431,76.53,0.030612,0.09402,91.91,0.045955,0.09505,98.88,0.039552,0.09436,127.5,0.051
0.09471,76.55,0.038275,0.09452,92.29,0.036916,0.09545,99.15,0.03966,0.09476,128,0.0512
0.09521,76.88,0.030752,0.09492,92.6,0.03704,0.09585,99.02,0.039608,0.09516,128.46,0.06423
0.09561,77.14,0.03857,0.09532,93.17,0.046585,0.09625,99.12,0.039648,0.09566,129.04,0.051616
0.09611,77.31,0.030924,0.09582,93.3,0.03732,0.09665,99.24,0.039696,0.09606,129.61,0.051844
0.09651,77.16,0.030864,0.09622,93.82,0.04691,0.09705,99.28,0.039712,0.09646,130.06,0.052024
0.09691,77.26,0.03863,0.09672,93.97,0.046985,0.09745,99.58,0.039832,0.09686,130.69,0.052276
0.09741,77.03,0.030812,0.09722,89.45,0.03578,0.09785,99.74,0.039896,0.09726,131.2,0.0656
0.09781,76.92,0.030768,0.09762,88.26,0.035304,0.09825,100.07,0.040028,0.09776,131.59,0.052636
0.09821,77.13,0.030852,0.09802,88.61,0.035444,0.09865,100.27,0.040108,0.09816,132.2,0.05288
0.09861,77.03,0.038515,0.09842,89.02,0.035608,0.09905,100.36,0.040144,0.09856,132.77,0.053108
0.09911,77.23,0.030892,0.09882,89.38,0.04469,0.09945,100.77,0.040308,0.09896,133.09,0.053236
0.09951,77.48,0.030992,0.09932,89.93,0.035972,0.09985,101.01,0.040404,0.09936,133.72,0.053488
0.09991,77.57,0.031028,0.09972,90.48,0.04524,0.10025,101.18,0.040472,0.09976,134.18,0.053672
0.10031,77.95,0.03118,0.10022,91.04,0.036416,0.10065,101.46,0.05073,0.10016,134.65,0.067325
0.10071,78.31,0.031324,0.10062,91.48,0.027444,0.10115,101.87,0.030561,0.10066,135.24,0.054096
0.10111,78.6,0.03144,0.10092,91.88,0.036752,0.10145,101.99,0.040796,0.10106,135.98,0.06799
0.10151,78.83,0.031532,0.10132,92.32,0.04616,0.10185,102.13,0.051065,0.10156,136.49,0.054596
0.10191,79.06,0.031624,0.10182,92.91,0.037164,0.10235,102.56,0.041024,0.10196,136.9,0.06845
0.10231,79.38,0.031752,0.10222,93.38,0.037352,0.10275,102.81,0.041124,0.10246,137.45,0.05498
0.10271,79.57,0.031828,0.10262,93.85,0.03754,0.10315,103.09,0.041236,0.10286,137.65,0.05506
0.10311,79.92,0.031968,0.10302,94.26,0.037704,0.10355,103.46,0.041384,0.10326,137.81,0.068905
0.10351,80.21,0.032084,0.10342,94.66,0.037864,0.10395,103.73,0.041492,0.10376,138.23,0.055292
0.10391,80.42,0.032168,0.10382,94.99,0.037996,0.10435,103.92,0.05196,0.10416,138.56,0.06928
0.10431,80.73,0.032292,0.10422,95.5,0.0382,0.10485,104.39,0.041756,0.10466,139.16,0.055664
0.10471,81.01,0.032404,0.10462,95.9,0.03836,0.10525,104.48,0.041792,0.10506,139.59,0.055836
0.10511,81.35,0.03254,0.10502,96.32,0.038528,0.10565,104.97,0.052485,0.10546,139.94,0.055976
0.10551,81.7,0.03268,0.10542,96.55,0.03862,0.10615,105.3,0.04212,0.10586,140.43,0.056172
0.10591,81.99,0.032796,0.10582,96.66,0.038664,0.10655,105.53,0.052765,0.10626,140.97,0.056388
0.10631,82.32,0.032928,0.10622,97.15,0.03886,0.10705,105.8,0.04232,0.10666,141.16,0.056464
0.10671,82.52,0.04126,0.10662,97.54,0.04877,0.10745,105.87,0.042348,0.10706,141.69,0.056676
0.10721,82.9,0.03316,0.10712,97.75,0.0391,0.10785,106.03,0.042412,0.10746,141.93,0.056772
0.10761,83.27,0.033308,0.10752,98.35,0.03934,0.10825,106.12,0.05306,0.10786,142.22,0.056888
0.10801,83.4,0.03336,0.10792,98.71,0.039484,0.10875,106.24,0.042496,0.10826,142.58,0.057032
0.10841,83.79,0.033516,0.10832,99.02,0.039608,0.10915,106.2,0.04248,0.10866,142.83,0.057132
0.10881,84.11,0.033644,0.10872,99.38,0.039752,0.10955,106.21,0.053105,0.10906,143.3,0.05732
0.10921,84.29,0.033716,0.10912,99.71,0.039884,0.11005,105.94,0.042376,0.10946,143.49,0.057396
0.10961,84.6,0.03384,0.10952,100.16,0.040064,0.11045,105.59,0.042236,0.10986,143.73,0.057492
0.11001,84.77,0.042385,0.10992,100.22,0.05011,0.11085,105.16,0.042064,0.11026,144.23,0.057692
0.11051,85.05,0.03402,0.11042,100.82,0.040328,0.11125,103.98,0.041592,0.11066,144.62,0.057848
0.11091,85.28,0.04264,0.11082,101.25,0.0405,0.11165,102.15,0.04086,0.11106,144.93,0.057972
0.11141,85.65,0.03426,0.11122,101.44,0.040576,0.11205,101.33,0.050665,0.11146,145.23,0.058092
0.11181,85.85,0.03434,0.11162,101.93,0.050965,0.11255,100.88,0.030264,0.11186,145.81,0.058324
0.11221,86.02,0.034408,0.11212,102.31,0.040924,0.11285,99.63,0.049815,0.11226,146.05,0.073025
0.11261,86.23,0.043115,0.11252,102.76,0.041104,0.11335,96.02,0.038408,0.11276,146.45,0.05858
0.11311,86.06,0.034424,0.11292,103.18,0.05159,0.11375,93.72,0.037488,0.11316,146.6,0.04398
0.11351,86.08,0.04304,0.11342,103.65,0.04146,0.11415,92.13,0.036852,0.11346,146.56,0.07328
0.11401,85.89,0.034356,0.11382,104.12,0.05206,0.11455,91.05,0.027315,0.11396,146.83,0.058732
0.11441,85.53,0.034212,0.11432,104.54,0.05227,0.11485,89.25,0.044625,0.11436,147.08,0.044124
0.11481,85.37,0.042685,0.11482,104.91,0.041964,0.11535,88.8,0.03552,0.11466,147.01,0.073505
0.11531,85.17,0.034068,0.11522,105.26,0.042104,0.11575,88.56,0.035424,0.11516,147.2,0.05888
0.11571,84.93,0.033972,0.11562,105.61,0.042244,0.11615,88.34,0.035336,0.11556,147.14,0.07357
0.11611,84.69,0.033876,0.11602,105.93,0.042372,0.11655,88.13,0.035252,0.11606,147.42,0.058968
0.11651,83.25,0.041625,0.11642,106.55,0.053275,0.11695,87.74,0.035096,0.11646,147.47,0.073735
0.11701,81.28,0.032512,0.11692,106.75,0.032025,0.11735,87.58,0.035032,0.11696,147.71,0.059084
0.11741,80.64,0.032256,0.11722,106.91,0.042764,0.11775,87.25,0.0349,0.11736,147.51,0.059004
0.11781,80.63,0.032252,0.11762,107.46,0.042984,0.11815,87.02,0.034808,0.11776,147.65,0.05906
0.11821,80.66,0.032264,0.11802,107.74,0.05387,0.11855,85.31,0.034124,0.11816,147.32,0.07366
0.11861,80.94,0.032376,0.11852,108.18,0.043272,0.11895,83.93,0.033572,0.11866,147.6,0.05904
0.11901,81.34,0.032536,0.11892,108.36,0.032508,0.11935,83.1,0.03324,0.11906,147.82,0.07391
0.11941,81.4,0.03256,0.11922,108.16,0.043264,0.11975,82.53,0.033012,0.11956,148.17,0.059268
0.11981,81.88,0.032752,0.11962,108.3,0.04332,0.12015,82.06,0.04103,0.11996,148.42,0.07421
0.12021,82.53,0.033012,0.12002,108.74,0.043496,0.12065,81.55,0.03262,0.12046,148.35,0.05934
0.12061,82.65,0.03306,0.12042,108.99,0.043596,0.12105,80.91,0.032364,0.12086,129.86,0.06493
0.12101,83.28,0.033312,0.12082,109.15,0.04366,0.12145,80.42,0.032168,0.12136,100.22,0.040088
0.12141,83.49,0.033396,0.12122,109.56,0.043824,0.12185,79.17,0.031668,0.12176,98.23,0.039292
0.12181,83.94,0.033576,0.12162,109.86,0.043944,0.12225,77.87,0.038935,0.12216,96.9,0.03876
0.12221,84.38,0.033752,0.12202,110.25,0.0441,0.12275,76.22,0.030488,0.12256,96.22,0.038488
0.12261,84.77,0.033908,0.12242,110.59,0.044236,0.12315,73.95,0.036975,0.12296,95.85,0.03834
0.12301,85.22,0.034088,0.12282,111.12,0.044448,0.12365,67.58,0.027032,0.12336,95.73,0.047865
0.12341,85.7,0.03428,0.12322,111.41,0.044564,0.12405,30.85,0.015425,0.12386,94.87,0.037948
0.12381,85.77,0.042885,0.12362,111.71,0.044684,0.12455,17.36,0.006944,0.12426,94.38,0.037752
0.12431,86.37,0.034548,0.12402,112.12,0.05606,0.12495,16.6,0.00664,0.12466,94.16,0.037664
0.12471,86.57,0.034628,0.12452,112.24,0.044896,0.12535,16.17,0.008085,0.12506,94.11,0.028233
0.12511,87.01,0.034804,0.12492,112.78,0.045112,0.12585,15.7,0.00628,0.12536,93.8,0.03752
0.12551,87.5,0.035,0.12532,113.05,0.04522,0.12625,15.23,0.007615,0.12576,93.79,0.046895
0.12591,87.75,0.0351,0.12572,113.47,0.045388,0.12675,14.81,0.005924,0.12626,93.92,0.037568
0.12631,88.07,0.035228,0.12612,113.85,0.04554,0.12715,14.4,0.00576,0.12666,93.71,0.037484
0.12671,88.53,0.044265,0.12652,114.19,0.045676,0.12755,14.29,0.005716,0.12706,93.85,0.03754
0.12721,88.79,0.035516,0.12692,114.19,0.057095,0.12795,14.15,0.007075,0.12746,93.87,0.037548
0.12761,88.99,0.035596,0.12742,114.39,0.045756,0.12845,13.87,0.005548,0.12786,93.68,0.037472
0.12801,89.46,0.035784,0.12782,114.51,0.045804,0.12885,13.68,0.005472,0.12826,93.68,0.037472
0.12841,89.52,0.04476,0.12822,114.66,0.045864,0.12925,13.61,0.005444,0.12866,93.53,0.037412
0.12891,90.2,0.03608,0.12862,114.14,0.05707,0.12965,13.43,0.005372,0.12906,93.31,0.037324
0.12931,90.49,0.045245,0.12912,112.65,0.04506,0.13005,13.14,0.005256,0.12946,91.52,0.036608
0.12981,90.75,0.0363,0.12952,108.84,0.05442,0.13045,13.06,0.005224,0.12986,90.32,0.036128
0.13021,91.11,0.036444,0.13002,107.04,0.042816,0.13085,13.02,0.005208,0.13026,89.69,0.035876
0.13061,91.22,0.036488,0.13042,106.73,0.042692,0.13125,12.69,0.005076,0.13066,89.12,0.04456
0.13101,91.13,0.045565,0.13082,106.69,0.053345,0.13165,12.4,0.00496,0.13116,88.58,0.026574
0.13151,91.56,0.036624,0.13132,106.78,0.042712,0.13205,12.36,0.004944,0.13146,87.29,0.043645
0.13191,91.88,0.036752,0.13172,107.13,0.042852,0.13245,12.15,0.00486,0.13196,2.49,0.001245
0.13231,92.27,0.046135,0.13212,107.46,0.05373,0.13285,11.99,0.004796,0.13246,9.29,0.003716
0.13281,92.51,0.037004,0.13262,107.89,0.043156,0.13325,12.05,0.00482,0.13286,8.82,0.003528
0.13321,92.84,0.037136,0.13302,108.34,0.043336,0.13365,11.85,0.00474,0.13326,8.53,0.003412
0.13361,92.99,0.037196,0.13342,108.56,0.043424,0.13405,11.77,0.004708,0.13366,8.37,0.003348
0.13401,93.54,0.037416,0.13382,109.24,0.043696,0.13445,11.57,0.004628,0.13406,8.07,0.004035
0.13441,93.61,0.037444,0.13422,109.59,0.043836,0.13485,11.55,0.00462,0.13456,8.07,0.004035
0.13481,94.28,0.037712,0.13462,109.98,0.05499,0.13525,11.29,0.004516,0.13506,7.78,0.003112
0.13521,94.58,0.037832,0.13512,110.57,0.044228,0.13565,11.12,0.004448,0.13546,7.71,0.002313
0.13561,94.67,0.037868,0.13552,110.86,0.033258,0.13605,11.04,0.004416,0.13576,7.72,0.00386
0.13601,94.82,0.037928,0.13582,111.36,0.044544,0.13645,10.96,0.00548,0.13626,7.55,0.003775
0.13641,95.29,0.038116,0.13622,111.77,0.044708,0.13695,10.91,0.004364,0.13676,7.41,0.003705
0.13681,95.7,0.03828,0.13662,112.1,0.04484,0.13735,10.88,0.004352,0.13726,7.33,0.002932
0.13721,96.09,0.038436,0.13702,112.55,0.04502,0.13775,10.62,0.004248,0.13766,7.08,0.002832
0.13761,96.28,0.038512,0.13742,112.95,0.04518,0.13815,10.57,0.004228,0.13806,7.16,0.002864
0.13801,96.54,0.038616,0.13782,113.28,0.045312,0.13855,10.38,0.00519,0.13846,7.15,0.003575
0.13841,96.79,0.038716,0.13822,113.72,0.05686,0.13905,10.32,0.004128,0.13896,6.96,0.002784
0.13881,96.99,0.038796,0.13872,114.1,0.03423,0.13945,10.36,0.004144,0.13936,7.01,0.002804
0.13921,97.25,0.048625,0.13902,114.47,0.057235,0.13985,10.13,0.005065,0.13976,6.84,0.002736
0.13971,97.65,0.03906,0.13952,114.85,0.034455,0.14035,10.01,0.004004,0.14016,6.66,0.002664
0.14011,97.81,0.039124,0.13982,115.12,0.05756,0.14075,9.92,0.003968,0.14056,6.71,0.002684
0.14051,98.22,0.039288,0.14032,115.34,0.046136,0.14115,9.83,0.004915,0.14096,6.66,0.002664
0.14091,98.53,0.039412,0.14072,115.9,0.04636,0.14165,9.74,0.003896,0.14136,6.57,0.002628
0.14131,98.84,0.039536,0.14112,116.22,0.046488,0.14205,9.5,0.00475,0.14176,6.47,0.002588
0.14171,99,0.0396,0.14152,116.4,0.04656,0.14255,9.66,0.003864,0.14216,6.4,0.00256
0.14211,99.29,0.039716,0.14192,116.89,0.046756,0.14295,9.34,0.00467,0.14256,6.15,0.00246
0.14251,99.57,0.039828,0.14232,117.16,0.046864,0.14345,9.28,0.00464,0.14296,6.03,0.003015
0.14291,99.72,0.039888,0.14272,117.27,0.046908,0.14395,9.16,0.002748,0.14346,5.95,0.00238
0.14331,99.9,0.04995,0.14312,117.78,0.047112,0.14425,8.64,0.003456,0.14386,5.95,0.00238
0.14381,100.31,0.040124,0.14352,118.15,0.04726,0.14465,8.61,0.004305,0.14426,5.94,0.002376
0.14421,100.47,0.040188,0.14392,118.37,0.047348,0.14515,8.15,0.00326,0.14466,5.83,0.002332
0.14461,100.68,0.040272,0.14432,118.51,0.059255,0.14555,8.21,0.003284,0.14506,5.79,0.002316
0.14501,100.65,0.050325,0.14482,118.9,0.04756,0.14595,7.96,0.003184,0.14546,5.76,0.00288
0.14551,100.98,0.040392,0.14522,119.31,0.047724,0.14635,7.88,0.003152,0.14596,5.71,0.002284
0.14591,100.88,0.05044,0.14562,119.58,0.05979,0.14675,7.8,0.00312,0.14636,5.67,0.001701
0.14641,101.14,0.040456,0.14612,119.98,0.047992,0.14715,7.69,0.003076,0.14666,5.57,0.002785
0.14681,100.94,0.05047,0.14652,120.29,0.060145,0.14755,7.64,0.003056,0.14716,5.43,0.002172
0.14731,99.74,0.039896,0.14702,120.68,0.048272,0.14795,7.41,0.002964,0.14756,5.35,0.00214
0.14771,99.68,0.039872,0.14742,120.82,0.048328,0.14835,7.29,0.002916,0.14796,5.35,0.00214
0.14811,99.28,0.04964,0.14782,121.21,0.060605,0.14875,7.13,0.002852,0.14836,5.23,0.002092
0.14861,98.25,0.0393,0.14832,121.56,0.048624,0.14915,7.28,0.002912,0.14876,5.31,0.002124
0.14901,97.58,0.039032,0.14872,121.75,0.060875,0.14955,7.24,0.002896,0.14916,5.15,0.002575
0.14941,97.54,0.039016,0.14922,122.12,0.048848,0.14995,7.09,0.002836,0.14966,5.23,0.002092
0.14981,97.7,0.03908,0.14962,122.37,0.048948,0.15035,7.08,0.002832,0.15006,5.05,0.00202
0.15021,98.07,0.049035,0.15002,122.58,0.049032,0.15075,6.93,0.002772,0.15046,5.11,0.002044
0.15071,98.19,0.029457,0.15042,122.94,0.049176,0.15115,6.8,0.00272,0.15086,5.07,0.002535
0.15101,98.43,0.039372,0.15082,123.17,0.036951,0.15155,7.01,0.002804,0.15136,4.96,0.001984
0.15141,98.89,0.049445,0.15112,123.36,0.049344,0.15195,6.54,0.002616,0.15176,4.83,0.002415
0.15191,99.39,0.039756,0.15152,123.46,0.049384,0.15235,6.57,0.002628,0.15226,4.89,0.001956
0.15231,99.44,0.039776,0.15192,123.85,0.04954,0.15275,6.36,0.002544,0.15266,4.88,0.001952
0.15271,99.81,0.039924,0.15232,124,0.0496,0.15315,6.37,0.002548,0.15306,4.8,0.0024
0.15311,100.08,0.030024,0.15272,124.42,0.06221,0.15355,6.42,0.002568,0.15356,4.79,0.002395
0.15341,100.47,0.050235,0.15322,124.71,0.049884,0.15395,6.36,0.00318,0.15406,4.62,0.001848
0.15391,100.65,0.04026,0.15362,125.07,0.050028,0.15445,6.12,0.002448,0.15446,4.64,0.001856
0.15431,101.14,0.040456,0.15402,125.33,0.050132,0.15485,6.22,0.002488,0.15486,4.51,0.001804
0.15471,101.5,0.0406,0.15442,125.57,0.050228,0.15525,6.24,0.002496,0.15526,4.53,0.002265
0.15511,101.54,0.040616,0.15482,125.72,0.050288,0.15565,6.22,0.002488,0.15576,4.69,0.001876
0.15551,101.9,0.04076,0.15522,125.98,0.050392,0.15605,6.06,0.00303,0.15616,4.44,0.00222
0.15591,102.38,0.040952,0.15562,126.13,0.050452,0.15655,6.1,0.00244,0.15666,4.52,0.001808
0.15631,102.49,0.040996,0.15602,126.37,0.050548,0.15695,5.86,0.00293,0.15706,4.46,0.001784
0.15671,102.72,0.041088,0.15642,126.53,0.050612,0.15745,6.08,0.002432,0.15746,4.46,0.001784
0.15711,103.15,0.04126,0.15682,126.86,0.050744,0.15785,6.05,0.00242,0.15786,4.4,0.00176
0.15751,103.31,0.041324,0.15722,127.07,0.050828,0.15825,5.8,0.00232,0.15826,4.38,0.001314
0.15791,103.74,0.05187,0.15762,127.28,0.050912,0.15865,5.88,0.00294,0.15856,4.28,0.00214
0.15841,103.85,0.04154,0.15802,127.52,0.051008,0.15915,5.6,0.0028,0.15906,4.24,0.001696
0.15881,104.2,0.04168,0.15842,127.8,0.05112,0.15965,5.41,0.002164,0.15946,4.32,0.001728
0.15921,104.26,0.041704,0.15882,127.99,0.051196,0.16005,5.76,0.00288,0.15986,4.23,0.001692
0.15961,104.53,0.041812,0.15922,128.17,0.051268,0.16055,5.82,0.002328,0.16026,4.14,0.001656
0.16001,104.64,0.041856,0.15962,128.46,0.051384,0.16095,5.71,0.002284,0.16066,4.04,0.001616
0.16041,104.98,0.041992,0.16002,128.73,0.051492,0.16135,5.54,0.002216,0.16106,4.01,0.001604
0.16081,105.13,0.052565,0.16042,128.88,0.051552,0.16175,5.55,0.002775,0.16146,4.12,0.001648
0.16131,105.7,0.04228,0.16082,129.15,0.05166,0.16225,5.44,0.002176,0.16186,4.04,0.001616
0.16171,105.75,0.052875,0.16122,129.49,0.064745,0.16265,5.42,0.002168,0.16226,4.09,0.001636
0.16221,106.24,0.042496,0.16172,129.8,0.05192,0.16305,5.31,0.002124,0.16266,4.11,0.001644
0.16261,106.62,0.042648,0.16212,130.14,0.06507,0.16345,5.36,0.002144,0.16306,3.99,0.001995
0.16301,106.93,0.053465,0.16262,130.48,0.052192,0.16385,5.4,0.00216,0.16356,3.88,0.00194
0.16351,107.13,0.042852,0.16302,130.71,0.052284,0.16425,5.35,0.00214,0.16406,3.84,0.001536
0.16391,107.49,0.053745,0.16342,130.96,0.06548,0.16465,5.18,0.002072,0.16446,3.75,0.0015
0.16441,107.74,0.043096,0.16392,131.31,0.052524,0.16505,5.41,0.002164,0.16486,3.78,0.001512
0.16481,108.13,0.043252,0.16432,131.59,0.052636,0.16545,5.15,0.00206,0.16526,3.78,0.001512
0.16521,108.18,0.043272,0.16472,131.87,0.065935,0.16585,5.08,0.002032,0.16566,3.56,0.001424
0.16561,108.6,0.0543,0.16522,132.34,0.052936,0.16625,5.02,0.002008,0.16606,3.73,0.001492
0.16611,108.74,0.043496,0.16562,132.55,0.066275,0.16665,5.2,0.00208,0.16646,3.64,0.001456
0.16651,108.98,0.043592,0.16612,132.88,0.053152,0.16705,5.08,0.002032,0.16686,3.76,0.00188
0.16691,109.18,0.043672,0.16652,133.24,0.053296,0.16745,5,0.002,0.16736,3.51,0.001404
0.16731,109.27,0.054635,0.16692,133.58,0.053432,0.16785,5.04,0.002016,0.16776,3.55,0.00142
0.16781,109.67,0.043868,0.16732,134.01,0.053604,0.16825,5.08,0.002032,0.16816,3.58,0.00179
0.16821,109.74,0.032922,0.16772,134.14,0.06707,0.16865,4.87,0.001948,0.16866,3.51,0.001404
0.16851,109.58,0.05479,0.16822,134.38,0.040314,0.16905,4.94,0.001976,0.16906,3.46,0.00173
0.16901,108.61,0.032583,0.16852,134.57,0.067285,0.16945,4.74,0.001896,0.16956,3.49,0.001396
0.16931,108.17,0.054085,0.16902,134.82,0.053928,0.16985,4.64,0.001856,0.16996,3.33,0.001665
0.16981,107.98,0.043192,0.16942,134.92,0.053968,0.17025,4.62,0.00231,0.17046,3.4,0.00136
0.17021,108.24,0.043296,0.16982,134.95,0.05398,0.17075,4.61,0.001844,0.17086,3.23,0.001615
0.17061,108.36,0.032508,0.17022,135.19,0.054076,0.17115,4.67,0.001868,0.17136,3.3,0.00132
0.17091,108.57,0.043428,0.17062,135.39,0.054156,0.17155,4.52,0.001808,0.17176,3.28,0.00164
0.17131,108.61,0.054305,0.17102,135.56,0.054224,0.17195,4.6,0.0023,0.17226,3.28,0.001312
0.17181,108.97,0.043588,0.17142,135.79,0.054316,0.17245,4.27,0.001708,0.17266,3.17,0.001268
0.17221,109.05,0.04362,0.17182,136.01,0.054404,0.17285,4.44,0.001776,0.17306,3.26,0.001304
0.17261,109.36,0.043744,0.17222,136.08,0.054432,0.17325,4.33,0.001732,0.17346,3.12,0.00156
0.17301,109.61,0.043844,0.17262,135.75,0.0543,0.17365,4.3,0.00215,0.17396,3.19,0.001276
0.17341,109.65,0.04386,0.17302,135.13,0.054052,0.17415,4.41,0.001764,0.17436,3,0.0012
0.17381,110.03,0.044012,0.17342,135.13,0.040539,0.17455,4.27,0.002135,0.17476,3.05,0.00122
0.17421,110.17,0.044068,0.17372,133.29,0.053316,0.17505,4.41,0.001764,0.17516,2.97,0.001188
0.17461,110.36,0.044144,0.17412,132.43,0.066215,0.17545,4.18,0.00209,0.17556,3.08,0.001232
0.17501,110.55,0.04422,0.17462,132.43,0.039729,0.17595,4.36,0.001744,0.17596,3.06,0.001224
0.17541,110.43,0.044172,0.17492,132.56,0.053024,0.17635,4.3,0.00215,0.17636,2.94,0.001176
0.17581,110.38,0.044152,0.17532,132.83,0.053132,0.17685,4.17,0.001668,0.17676,2.96,0.000888
0.17621,110.57,0.044228,0.17572,132.87,0.053148,0.17725,4.25,0.0017,0.17706,3.07,0.001228
0.17661,110.73,0.055365,0.17612,133.11,0.066555,0.17765,4.23,0.002115,0.17746,2.76,0.001104
0.17711,110.95,0.04438,0.17662,133.48,0.053392,0.17815,4.1,0.00164,0.17786,2.5,0.00125
0.17751,111.2,0.04448,0.17702,133.8,0.05352,0.17855,4.17,0.001668,0.17836,2.61,0.001044
0.17791,111.22,0.05561,0.17742,134.14,0.06707,0.17895,4.17,0.002085,0.17876,2.55,0.00102
0.17841,111.51,0.044604,0.17792,134.28,0.053712,0.17945,3.9,0.00156,0.17916,2.6,0.00078
0.17881,111.76,0.044704,0.17832,134.39,0.053756,0.17985,4.06,0.001624,0.17946,2.42,0.00121
0.17921,111.86,0.05593,0.17872,134.93,0.053972,0.18025,4.07,0.001628,0.17996,2.44,0.000976
0.17971,112.14,0.044856,0.17912,135.09,0.067545,0.18065,4.15,0.00166,0.18036,2.39,0.000956
0.18011,112.39,0.056195,0.17962,135.47,0.054188,0.18105,4.05,0.00162,0.18076,2.49,0.000996
0.18061,112.43,0.044972,0.18002,135.47,0.054188,0.18145,3.9,0.00156,0.18116,2.37,0.000948
0.18101,112.51,0.056255,0.18042,135.15,0.067575,0.18185,4.02,0.001608,0.18156,2.37,0.000948
0.18151,112.84,0.045136,0.18092,135.3,0.05412,0.18225,3.95,0.00158,0.18196,2.48,0.000992
0.18191,112.25,0.0449,0.18132,134.94,0.06747,0.18265,3.86,0.001544,0.18236,2.35,0.00094
0.18231,112.54,0.05627,0.18182,132.8,0.05312,0.18305,3.91,0.001564,0.18276,2.35,0.00094
0.18281,112.28,0.044912,0.18222,132.84,0.053136,0.18345,3.82,0.001528,0.18316,2.36,0.000944
0.18321,112.86,0.045144,0.18262,132.91,0.066455,0.18385,3.72,0.001488,0.18356,2.25,0.0009
0.18361,112.75,0.056375,0.18312,132.63,0.053052,0.18425,3.67,0.001835,0.18396,2.34,0.00117
0.18411,112.93,0.045172,0.18352,131.55,0.05262,0.18475,3.72,0.001488,0.18446,2.32,0.000928
0.18451,113.02,0.045208,0.18392,131.32,0.052528,0.18515,3.67,0.001468,0.18486,2.22,0.000888
0.18491,112.77,0.045108,0.18432,127.2,0.0636,0.18555,3.66,0.001464,0.18526,2.1,0.00105
0.18531,112.74,0.045096,0.18482,126.38,0.037914,0.18595,3.67,0.001468,0.18576,2.16,0.000864
0.18571,112.52,0.045008,0.18512,125.81,0.062905,0.18635,3.6,0.00144,0.18616,2.19,0.001095
0.18611,112.65,0.04506,0.18562,125.32,0.050128,0.18675,3.63,0.001452,0.18666,2.07,0.000828
0.18651,112.81,0.045124,0.18602,124.76,0.049904,0.18715,3.8,0.00152,0.18706,2.18,0.000872
0.18691,112.41,0.044964,0.18642,124.1,0.04964,0.18755,3.52,0.00176,0.18746,1.99,0.000995
0.18731,112.47,0.044988,0.18682,123.6,0.04944,0.18805,3.48,0.001392,0.18796,2.02,0.000808
0.18771,112.2,0.04488,0.18722,123.02,0.036906,0.18845,3.52,0.001408,0.18836,2.08,0.00104
0.18811,111.64,0.044656,0.18752,122.6,0.04904,0.18885,3.28,0.001312,0.18886,2.02,0.00101
0.18851,110.82,0.044328,0.18792,120.83,0.048332,0.18925,2.2,0.00088,0.18936,1.97,0.000788
0.18891,109.66,0.043864,0.18832,120.07,0.048028,0.18965,1.87,0.000748,0.18976,1.85,0.00074
0.18931,108.39,0.043356,0.18872,119.04,0.047616,0.19005,2.01,0.001005,0.19016,1.95,0.00078
0.18971,107.09,0.042836,0.18912,117.54,0.047016,0.19055,2.09,0.000836,0.19056,1.93,0.000772
0.19011,106.68,0.042672,0.18952,110.47,0.044188,0.19095,1.92,0.00096,0.19096,1.97,0.000788
0.19051,99.73,0.039892,0.18992,104.25,0.0417,0.19145,1.91,0.000764,0.19136,1.82,0.000728
0.19091,89.33,0.035732,0.19032,99.58,0.039832,0.19185,1.9,0.00095,0.19176,1.9,0.00076
0.19131,88.84,0.035536,0.19072,88.35,0.03534,0.19235,1.89,0.000756,0.19216,1.89,0.000756
0.19171,89.14,0.04457,0.19112,84.64,0.033856,0.19275,2.09,0.001045,0.19256,1.86,0.000744
0.19221,89.32,0.035728,0.19152,83.06,0.04153,0.19325,2.01,0.000804,0.19296,1.88,0.000752
0.19261,89.57,0.035828,0.19202,80.92,0.032368,0.19365,1.94,0.00097,0.19336,1.93,0.000772
0.19301,90.06,0.036024,0.19242,77.31,0.030924,0.19415,1.83,0.000732,0.19376,1.74,0.000696
0.19341,90.47,0.036188,0.19282,75.29,0.030116,0.19455,1.95,0.000975,0.19416,1.87,0.000748
0.19381,91.03,0.036412,0.19322,74.16,0.029664,0.19505,1.93,0.000772,0.19456,1.71,0.000684
0.19421,91.12,0.036448,0.19362,73.12,0.029248,0.19545,1.9,0.00076,0.19496,1.67,0.000668
0.19461,91.61,0.045805,0.19402,72.56,0.029024,0.19585,1.88,0.000752,0.19536,1.75,0.0007
0.19511,92.31,0.036924,0.19442,69.63,0.034815,0.19625,1.81,0.000724,0.19576,1.7,0.00068
0.19551,92.55,0.03702,0.19492,69.17,0.027668,0.19665,1.72,0.00086,0.19616,1.76,0.000704
0.19591,92.96,0.04648,0.19532,68.19,0.027276,0.19715,1.97,0.000788,0.19656,1.69,0.000676
0.19641,93.71,0.037484,0.19572,67.68,0.027072,0.19755,1.87,0.000561,0.19696,1.63,0.000652
0.19681,94.02,0.037608,0.19612,67.13,0.033565,0.19785,1.83,0.000915,0.19736,1.65,0.00066
0.19721,94.48,0.04724,0.19662,65.82,0.026328,0.19835,1.94,0.000776,0.19776,1.52,0.000608
0.19771,94.87,0.037948,0.19702,64.55,0.032275,0.19875,1.96,0.000588,0.19816,1.69,0.000676
0.19811,95.5,0.04775,0.19752,63.63,0.025452,0.19905,1.9,0.00076,0.19856,1.71,0.000684
0.19861,95.74,0.038296,0.19792,63.37,0.031685,0.19945,1.75,0.000875,0.19896,1.57,0.000628
0.19901,96.38,0.04819,0.19842,62.78,0.025112,0.19995,1.65,0.00066,0.19936,1.6,0.00048
0.19951,96.78,0.038712,0.19882,62.48,0.03124,0.20035,1.82,0.000728,0.19966,1.47,
0.19991,97.11,0.038844,0.19932,62.23,0.024892,0.20075,1.91,0.000764,,,
0.20031,97.6,0.0488,0.19972,61.2,0.02448,0.20115,1.71,0.000684,,,
0.20081,97.93,0.039172,0.20012,61.07,0.030535,0.20155,1.81,0.000724,,,
0.20121,98.47,0.039388,0.20062,60.7,0.02428,0.20195,1.68,0.000672,,,
0.20161,98.58,0.039432,0.20102,59.97,0.023988,0.20235,1.75,0.0007,,,
0.20201,99.26,0.039704,0.20142,59.55,0.02382,0.20275,1.57,0.000628,,,
0.20241,99.51,0.039804,0.20182,59.22,0.023688,0.20315,1.73,0.000692,,,
0.20281,99.94,0.039976,0.20222,58.95,0.02358,0.20355,1.68,0.000672,,,
0.20321,100.12,0.040048,0.20262,58.41,0.023364,0.20395,1.64,0.000656,,,
0.20361,100.48,0.040192,0.20302,57.79,0.023116,0.20435,1.7,0.00085,,,
0.20401,100.99,0.040396,0.20342,56.88,0.022752,0.20485,1.71,0.000513,,,
0.20441,101.29,0.040516,0.20382,55.93,0.027965,0.20515,1.7,0.00085,,,
0.20481,101.65,0.04066,0.20432,50.77,0.020308,0.20565,1.63,0.000652,,,
0.20521,101.86,0.040744,0.20472,31.52,0.009456,0.20605,1.82,0.000728,,,
0.20561,102.38,0.040952,0.20502,30.24,0.01512,0.20645,1.61,0.000644,,,
0.20601,102.65,0.04106,0.20552,30.02,0.012008,0.20685,1.71,0.000684,,,
0.20641,103.07,0.041228,0.20592,29.85,0.01194,0.20725,1.46,0.00073,,,
0.20681,103.5,0.0414,0.20632,29.8,0.01192,0.20775,1.67,0.000835,,,
0.20721,103.59,0.041436,0.20672,29.77,0.011908,0.20825,1.71,0.000684,,,
0.20761,103.95,0.04158,0.20712,29.83,0.011932,0.20865,1.68,0.000672,,,
0.20801,104.39,0.041756,0.20752,29.7,0.01188,0.20905,1.55,0.00062,,,
0.20841,104.65,0.04186,0.20792,29.63,0.011852,0.20945,1.57,0.000785,,,
0.20881,105.04,0.042016,0.20832,29.69,0.011876,0.20995,1.67,0.000835,,,
0.20921,105.36,0.042144,0.20872,29.73,0.011892,0.21045,1.51,0.000604,,,
0.20961,105.74,0.042296,0.20912,29.76,0.011904,0.21085,1.39,0.000556,,,
0.21001,106.05,0.04242,0.20952,29.54,0.01477,0.21125,1.49,0.000745,,,
0.21041,106.3,0.05315,0.21002,29.65,0.01186,0.21175,1.46,0.000584,,,
0.21091,106.94,0.042776,0.21042,29.41,0.011764,0.21215,1.49,0.000596,,,
0.21131,107.25,0.0429,0.21082,29.58,0.011832,0.21255,1.41,0.000564,,,
0.21171,107.65,0.04306,0.21122,29.33,0.011732,0.21295,1.51,0.000755,,,
0.21211,107.95,0.053975,0.21162,29.47,0.011788,0.21345,1.4,0.00056,,,
0.21261,108.21,0.043284,0.21202,29.44,0.011776,0.21385,1.46,0.000584,,,
0.21301,108.49,0.043396,0.21242,29.19,0.014595,0.21425,1.48,0.000592,,,
0.21341,109,0.0545,0.21292,29.19,0.011676,0.21465,1.45,0.00058,,,
0.21391,109.22,0.043688,0.21332,29.13,0.014565,0.21505,1.44,0.000576,,,
0.21431,109.41,0.054705,0.21382,29.15,0.01166,0.21545,1.36,0.000544,,,
0.21481,109.58,0.043832,0.21422,29.15,0.01166,0.21585,1.32,0.000528,,,
0.21521,110.03,0.044012,0.21462,29.1,0.01455,0.21625,1.41,0.000423,,,
0.21561,110.35,0.055175,0.21512,28.89,0.011556,0.21655,1.38,0.00069,,,
0.21611,110.64,0.05532,0.21552,29.07,0.014535,0.21705,1.4,0.00056,,,
0.21661,110.93,0.044372,0.21602,28.93,0.011572,0.21745,1.35,0.00054,,,
0.21701,111.37,0.044548,0.21642,28.77,0.014385,0.21785,1.36,0.000544,,,
0.21741,111.46,0.044584,0.21692,28.54,0.011416,0.21825,1.4,0.00056,,,
0.21781,111.83,0.044732,0.21732,28.28,0.011312,0.21865,1.36,0.000544,,,
0.21821,112.03,0.044812,0.21772,28.15,0.014075,0.21905,1.4,0.00056,,,
0.21861,112.34,0.044936,0.21822,28.23,0.011292,0.21945,1.33,0.000532,,,
0.21901,112.59,0.045036,0.21862,27.95,0.01118,0.21985,1.38,0.000552,,,
0.21941,112.81,0.045124,0.21902,27.82,0.011128,0.22025,1.21,0.000484,,,
0.21981,112.84,0.045136,0.21942,27.67,0.011068,0.22065,1.42,0.000568,,,
0.22021,113.24,0.045296,0.21982,27.52,0.011008,0.22105,1.18,0.000472,,,
0.22061,113.28,0.045312,0.22022,27.61,0.011044,0.22145,1.38,0.000552,,,
0.22101,113.59,0.045436,0.22062,27.39,0.010956,0.22185,1.26,0.000504,,,
0.22141,113.64,0.045456,0.22102,27.44,0.010976,0.22225,1.4,0.00056,,,
0.22181,113.77,0.045508,0.22142,27.41,0.010964,0.22265,1.45,0.00058,,,
0.22221,113.83,0.045532,0.22182,22.3,0.00892,0.22305,1.41,0.000705,,,
0.22261,113.95,0.04558,0.22222,21.9,0.00876,0.22355,1.46,0.000584,,,
0.22301,114.05,0.04562,0.22262,21.72,0.008688,0.22395,1.2,0.00048,,,
0.22341,114.02,0.045608,0.22302,21.41,0.008564,0.22435,1.14,0.00057,,,
0.22381,114.31,0.045724,0.22342,21.1,0.00844,0.22485,1.27,0.000508,,,
0.22421,114.17,0.045668,0.22382,21.05,0.00842,0.22525,1.28,0.00064,,,
0.22461,114.56,0.045824,0.22422,20.86,0.008344,0.22575,1.23,0.000492,,,
0.22501,114.38,0.045752,0.22462,20.58,0.01029,0.22615,1.28,0.000512,,,
0.22541,114.31,0.057155,0.22512,20.57,0.008228,0.22655,1.2,0.0006,,,
0.22591,114.57,0.045828,0.22552,20.38,0.008152,0.22705,1.15,0.00046,,,
0.22631,114.5,0.0458,0.22592,20.12,0.008048,0.22745,1.04,0,,,
0.22671,114.46,0.045784,0.22632,19.93,0.007972,0.22745,1.04,,,,
0.22711,114.52,0.045808,0.22672,19.78,0.007912,,,,,,
0.22751,114.61,0.045844,0.22712,19.5,0.0078,,,,,,
0.22791,114.44,0.05722,0.22752,19.19,0.007676,,,,,,
0.22841,113.67,0.045468,0.22792,18.62,0.007448,,,,,,
0.22881,100.86,0.040344,0.22832,18.42,0.00921,,,,,,
0.22921,93.55,0.03742,0.22882,18.35,0.00734,,,,,,
0.22961,90.23,0.045115,0.22922,18.26,0.007304,,,,,,
0.23011,84.55,0.03382,0.22962,18,0.0072,,,,,,
0.23051,77.95,0.038975,0.23002,17.86,0.00893,,,,,,
0.23101,73.54,0.029416,0.23052,17.72,0.00886,,,,,,
0.23141,70.57,0.028228,0.23102,17.42,0.006968,,,,,,
0.23181,68.79,0.034395,0.23142,17.27,0.006908,,,,,,
0.23231,62.44,0.024976,0.23182,17.1,0.00855,,,,,,
0.23271,58.15,0.029075,0.23232,16.9,0.00676,,,,,,
0.23321,56.48,0.022592,0.23272,16.85,0.00674,,,,,,
0.23361,55.87,0.022348,0.23312,16.67,0.008335,,,,,,
0.23401,54.79,0.027395,0.23362,16.63,0.006652,,,,,,
0.23451,54.03,0.021612,0.23402,16.46,0.006584,,,,,,
0.23491,53.15,0.02126,0.23442,16.54,0.006616,,,,,,
0.23531,52.46,0.02623,0.23482,16.31,0.006524,,,,,,
0.23581,52.1,0.02084,0.23522,16.26,0.00813,,,,,,
0.23621,51.62,0.015486,0.23572,16.11,0.006444,,,,,,
0.23651,51.39,0.020556,0.23612,15.94,0.006376,,,,,,
0.23691,51.12,0.02556,0.23652,15.76,0.006304,,,,,,
0.23741,50.71,0.020284,0.23692,15.81,0.006324,,,,,,
0.23781,49.69,0.019876,0.23732,15.7,0.00628,,,,,,
0.23821,48.5,0.0194,0.23772,15.54,0.006216,,,,,,
0.23861,47.16,0.018864,0.23812,15.46,0.006184,,,,,,
0.23901,44.39,0.017756,0.23852,15.41,0.006164,,,,,,
0.23941,41.84,0.016736,0.23892,15.63,0.004689,,,,,,
0.23981,40.11,0.016044,0.23922,15.34,0.00767,,,,,,
0.24021,39.05,0.01562,0.23972,15.12,0.006048,,,,,,
0.24061,38.62,0.015448,0.24012,15.06,0.00753,,,,,,
0.24101,37.91,0.015164,0.24062,15.15,0.00606,,,,,,
0.24141,37.41,0.014964,0.24102,15,0.006,,,,,,
0.24181,37.07,0.014828,0.24142,14.91,0.005964,,,,,,
0.24221,36.75,0.0147,0.24182,14.79,0.005916,,,,,,
0.24261,36.17,0.018085,0.24222,14.77,0.005908,,,,,,
0.24311,35.9,0.01436,0.24262,14.56,0.005824,,,,,,
0.24351,35.35,0.01414,0.24302,14.57,0.007285,,,,,,
0.24391,34.69,0.013876,0.24352,14.35,0.00574,,,,,,
0.24431,33.9,0.01356,0.24392,14.29,0.005716,,,,,,
0.24471,33.39,0.013356,0.24432,14.25,0.0057,,,,,,
0.24511,32.65,0.01306,0.24472,14.42,0.00721,,,,,,
0.24551,32,0.016,0.24522,14.05,0.00562,,,,,,
0.24601,31.37,0.012548,0.24562,14.01,0.005604,,,,,,
0.24641,30.98,0.012392,0.24602,13.97,0.005588,,,,,,
0.24681,30.48,0.01524,0.24642,14.09,0.005636,,,,,,
0.24731,30.16,0.012064,0.24682,13.62,0.00681,,,,,,
0.24771,29.81,0.011924,0.24732,13.79,0.005516,,,,,,
0.24811,29.26,0.01463,0.24772,13.58,0.00679,,,,,,
0.24861,28.9,0.01156,0.24822,13.61,0.005444,,,,,,
0.24901,28.35,0.014175,0.24862,13.52,0.005408,,,,,,
0.24951,28.13,0.011252,0.24902,13.4,0.0067,,,,,,
0.24991,27.91,0.011164,0.24952,13.39,0.005356,,,,,,
0.25031,27.67,0.013835,0.24992,13.35,0.00534,,,,,,
0.25081,27.2,0.01088,0.25032,13.35,0.00534,,,,,,
0.25121,27.32,0.010928,0.25072,13.09,0.006545,,,,,,
0.25161,26.95,0.013475,0.25122,13.13,0.006565,,,,,,
0.25211,26.84,0.010736,0.25172,13.07,0.006535,,,,,,
0.25251,26.51,0.010604,0.25222,13.01,0.005204,,,,,,
0.25291,26.11,0.010444,0.25262,12.85,0.00514,,,,,,
0.25331,25.88,0.010352,0.25302,12.82,0.003846,,,,,,
0.25371,25.63,0.010252,0.25332,12.66,0.005064,,,,,,
0.25411,25.32,0.010128,0.25372,12.83,0.006415,,,,,,
0.25451,25.11,0.010044,0.25422,12.87,0.005148,,,,,,
0.25491,24.99,0.009996,0.25462,12.81,0.003843,,,,,,
0.25531,24.99,0.009996,0.25492,12.45,0.00498,,,,,,
0.25571,24.7,0.00988,0.25532,12.6,0.00504,,,,,,
0.25611,24.58,0.009832,0.25572,12.55,0.00502,,,,,,
0.25651,24.51,0.009804,0.25612,12.48,0.00624,,,,,,
0.25691,21.8,0.00872,0.25662,12.1,0.00484,,,,,,
0.25731,21.17,0.008468,0.25702,12.15,0.003645,,,,,,
0.25771,20.48,0.008192,0.25732,12.25,0.006125,,,,,,
0.25811,20.29,0.008116,0.25782,12.05,0.00482,,,,,,
0.25851,20,0.008,0.25822,12.06,0.004824,,,,,,
0.25891,19.79,0.009895,0.25862,11.86,0.004744,,,,,,
0.25941,19.48,0.007792,0.25902,11.97,0.004788,,,,,,
0.25981,18.8,0.00752,0.25942,11.76,0.004704,,,,,,
0.26021,18.29,0.007316,0.25982,11.75,0.0047,,,,,,
0.26061,17.9,0.00716,0.26022,11.78,0.004712,,,,,,
0.26101,17.56,0.007024,0.26062,11.45,0.00458,,,,,,
0.26141,17.57,0.007028,0.26102,11.51,0.004604,,,,,,
0.26181,17.43,0.008715,0.26142,11.46,0.004584,,,,,,
0.26231,17.35,0.00694,0.26182,11.44,0.00572,,,,,,
0.26271,17.25,0.0069,0.26232,11.27,0.004508,,,,,,
0.26311,17.01,0.006804,0.26272,11.16,0.004464,,,,,,
0.26351,17.06,0.00853,0.26312,11.21,0.004484,,,,,,
0.26401,16.91,0.006764,0.26352,11.18,0.00559,,,,,,
0.26441,16.9,0.00676,0.26402,10.97,0.004388,,,,,,
0.26481,16.92,0.00846,0.26442,11.1,0.00444,,,,,,
0.26531,16.82,0.006728,0.26482,11.06,0.00553,,,,,,
0.26571,16.76,0.00838,0.26532,10.78,0.004312,,,,,,
0.26621,16.88,0.006752,0.26572,10.92,0.00546,,,,,,
0.26661,16.76,0.006704,0.26622,10.71,0.004284,,,,,,
0.26701,16.61,0.008305,0.26662,10.65,0.00426,,,,,,
0.26751,16.56,0.006624,0.26702,10.54,0.004216,,,,,,
0.26791,16.48,0.006592,0.26742,10.63,0.005315,,,,,,
0.26831,16.16,0.00808,0.26792,10.48,0.004192,,,,,,
0.26881,16.11,0.006444,0.26832,10.31,0.005155,,,,,,
0.26921,16.03,0.006412,0.26882,10.49,0.004196,,,,,,
0.26961,15.93,0.006372,0.26922,10.25,0.0041,,,,,,
0.27001,15.94,0.006376,0.26962,10.23,0.004092,,,,,,
0.27041,15.78,0.006312,0.27002,10.13,0.004052,,,,,,
0.27081,15.78,0.006312,0.27042,10.06,0.004024,,,,,,
0.27121,15.83,0.006332,0.27082,9.98,0.003992,,,,,,
0.27161,15.55,0.00622,0.27122,10.06,0.004024,,,,,,
0.27201,15.64,0.006256,0.27162,9.87,0.003948,,,,,,
0.27241,15.7,0.00628,0.27202,9.91,0.003964,,,,,,
0.27281,15.35,0.00614,0.27242,9.76,0.003904,,,,,,
0.27321,15.51,0.006204,0.27282,9.72,0.003888,,,,,,
0.27361,15.39,0.006156,0.27322,9.59,0.003836,,,,,,
0.27401,15.32,0.006128,0.27362,9.57,0.003828,,,,,,
0.27441,15.34,0.006136,0.27402,9.54,0.003816,,,,,,
0.27481,15.3,0.00612,0.27442,9.47,0.003788,,,,,,
0.27521,15.23,0.007615,0.27482,9.48,0.003792,,,,,,
0.27571,15,0.006,0.27522,9.44,0.003776,,,,,,
0.27611,14.9,0.00596,0.27562,9.34,0.003736,,,,,,
0.27651,15.08,0.006032,0.27602,9.29,0.003716,,,,,,
0.27691,15.11,0.006044,0.27642,9.29,0.003716,,,,,,
0.27731,15.08,0.00754,0.27682,9.12,0.003648,,,,,,
0.27781,15.05,0.00602,0.27722,9.13,0.003652,,,,,,
0.27821,15.02,0.006008,0.27762,9.09,0.003636,,,,,,
0.27861,15.02,0.006008,0.27802,9.07,0.003628,,,,,,
0.27901,15.03,0.006012,0.27842,8.89,0.003556,,,,,,
0.27941,14.85,0.00594,0.27882,8.88,0.003552,,,,,,
0.27981,14.89,0.005956,0.27922,8.83,0.004415,,,,,,
0.28021,14.9,0.00596,0.27972,8.88,0.003552,,,,,,
0.28061,15.01,0.007505,0.28012,8.81,0.003524,,,,,,
0.28111,14.9,0.00596,0.28052,8.54,0.00427,,,,,,
0.28151,14.79,0.007395,0.28102,8.68,0.003472,,,,,,
0.28201,14.67,0.005868,0.28142,8.62,0.00431,,,,,,
0.28241,14.83,0.007415,0.28192,8.69,0.003476,,,,,,
0.28291,14.63,0.005852,0.28232,8.45,0.00338,,,,,,
0.28331,14.67,0.007335,0.28272,8.48,0.00424,,,,,,
0.28381,14.63,0.005852,0.28322,8.46,0.003384,,,,,,
0.28421,14.66,0.005864,0.28362,8.5,0.00425,,,,,,
0.28461,14.73,0.007365,0.28412,8.45,0.00338,,,,,,
0.28511,14.45,0.00578,0.28452,8.27,0.004135,,,,,,
0.28551,14.32,0.005728,0.28502,8.3,0.00332,,,,,,
0.28591,14.39,0.005756,0.28542,8.21,0.003284,,,,,,
0.28631,14.1,0.00564,0.28582,8.25,0.0033,,,,,,
0.28671,14.31,0.005724,0.28622,8.17,0.003268,,,,,,
0.28711,14.08,0.005632,0.28662,8.17,0.003268,,,,,,
0.28751,14.2,0.00568,0.28702,8.21,0.003284,,,,,,
0.28791,14.07,0.005628,0.28742,8.08,0.003232,,,,,,
0.28831,13.85,0.00554,0.28782,8.05,0.00322,,,,,,
0.28871,13.99,0.005596,0.28822,8,0.004,,,,,,
0.28911,13.85,0.00554,0.28872,8,0.0032,,,,,,
0.28951,13.83,0.005532,0.28912,8.12,0.003248,,,,,,
0.28991,13.96,0.005584,0.28952,7.78,0.003112,,,,,,
0.29031,13.77,0.005508,0.28992,7.91,0.003164,,,,,,
0.29071,13.9,0.00556,0.29032,7.88,0.003152,,,,,,
0.29111,13.9,0.00695,0.29072,7.91,0.003164,,,,,,
0.29161,13.76,0.005504,0.29112,7.86,0.003144,,,,,,
0.29201,13.78,0.005512,0.29152,7.86,0.003144,,,,,,
0.29241,13.69,0.005476,0.29192,7.82,0.003128,,,,,,
0.29281,13.77,0.005508,0.29232,7.7,0.00308,,,,,,
0.29321,13.72,0.005488,0.29272,7.75,0.003875,,,,,,
0.29361,13.5,0.0054,0.29322,7.64,0.003056,,,,,,
0.29401,13.56,0.005424,0.29362,7.79,0.003116,,,,,,
0.29441,13.23,0.005292,0.29402,7.5,0.003,,,,,,
0.29481,13.12,0.00656,0.29442,7.6,0.00304,,,,,,
0.29531,12.34,0.004936,0.29482,7.74,0.003096,,,,,,
0.29571,12.06,0.004824,0.29522,7.71,0.003084,,,,,,
0.29611,11.82,0.004728,0.29562,7.62,0.003048,,,,,,
0.29651,11.6,0.00464,0.29602,7.56,0.003024,,,,,,
0.29691,11.44,0.00572,0.29642,7.52,0.00376,,,,,,
0.29741,11.27,0.004508,0.29692,7.51,0.003004,,,,,,
0.29781,11.14,0.004456,0.29732,7.61,0.003044,,,,,,
0.29821,10.37,0.005185,0.29772,7.48,0.00374,,,,,,
0.29871,10.2,0.00408,0.29822,7.43,0.002972,,,,,,
0.29911,10.29,0.005145,0.29862,7.42,0.002968,,,,,,
0.29961,9.8,0.00392,0.29902,7.38,0.00369,,,,,,
0.30001,9.85,0.004925,0.29952,7.3,0.00292,,,,,,
0.30051,9.98,0.003992,0.29992,7.38,0.002952,,,,,,
0.30091,9.85,0.00394,0.30032,7.24,0.00362,,,,,,
0.30131,9.86,0.00493,0.30082,7.22,0.00361,,,,,,
0.30181,9.71,0.003884,0.30132,7.14,0.002856,,,,,,
0.30221,9.75,0.0039,0.30172,7.18,0.002872,,,,,,
0.30261,9.54,0.003816,0.30212,7.24,0.002896,,,,,,
0.30301,9.79,0.003916,0.30252,7.07,0.002828,,,,,,
0.30341,9.55,0.00382,0.30292,7.14,0.002856,,,,,,
0.30381,9.52,0.003808,0.30332,6.92,0.00346,,,,,,
0.30421,9.5,0.0038,0.30382,7.02,0.002808,,,,,,
0.30461,9.47,0.003788,0.30422,6.9,0.00276,,,,,,
0.30501,9.5,0.0038,0.30462,6.99,0.002796,,,,,,
0.30541,9.23,0.003692,0.30502,7.01,0.002804,,,,,,
0.30581,9.03,0.003612,0.30542,7.01,0.002804,,,,,,
0.30621,8.83,0.003532,0.30582,6.88,0.002752,,,,,,
0.30661,8.64,0.003456,0.30622,6.9,0.00276,,,,,,
0.30701,8.68,0.003472,0.30662,6.89,0.002756,,,,,,
0.30741,8.5,0.0034,0.30702,6.9,0.00207,,,,,,
0.30781,8.42,0.003368,0.30732,6.76,0.00338,,,,,,
0.30821,8.51,0.003404,0.30782,6.74,0.002696,,,,,,
0.30861,8.28,0.003312,0.30822,6.75,0.0027,,,,,,
0.30901,8.3,0.00415,0.30862,6.48,0.00324,,,,,,
0.30951,8.13,0.003252,0.30912,6.83,0.002049,,,,,,
0.30991,8.25,0.002475,0.30942,6.71,0.002684,,,,,,
0.31021,8.09,0.004045,0.30982,6.54,0.002616,,,,,,
0.31071,8.19,0.003276,0.31022,6.49,0.002596,,,,,,
0.31111,8.04,0.003216,0.31062,6.43,0.002572,,,,,,
0.31151,8.07,0.003228,0.31102,6.48,0.002592,,,,,,
0.31191,7.96,0.003184,0.31142,6.34,0.002536,,,,,,
0.31231,7.96,0.003184,0.31182,6.42,0.002568,,,,,,
0.31271,7.89,0.003945,0.31222,6.38,0.002552,,,,,,
0.31321,7.84,0.003136,0.31262,5.99,0.002396,,,,,,
0.31361,7.82,0.003128,0.31302,5.86,0.002344,,,,,,
0.31401,7.83,0.003915,0.31342,5.99,0.002995,,,,,,
0.31451,7.73,0.003092,0.31392,6,0.0024,,,,,,
0.31491,7.67,0.003068,0.31432,5.89,0.002356,,,,,,
0.31531,7.78,0.00389,0.31472,6.08,0.00304,,,,,,
0.31581,7.4,0.00296,0.31522,5.98,0.002392,,,,,,
0.31621,7.25,0.0029,0.31562,5.95,0.00238,,,,,,
0.31661,7.24,0.00362,0.31602,5.93,0.002372,,,,,,
0.31711,7.14,0.002856,0.31642,5.96,0.002384,,,,,,
0.31751,7.2,0.0036,0.31682,5.65,0.002825,,,,,,
0.31801,7.29,0.002916,0.31732,5.79,0.002895,,,,,,
0.31841,7.16,0.002864,0.31782,5.78,0.00289,,,,,,
0.31881,7.06,0.002824,0.31832,5.69,0.002276,,,,,,
0.31921,6.93,0.002772,0.31872,5.68,0.002272,,,,,,
0.31961,7.02,0.00351,0.31912,5.74,0.002296,,,,,,
0.32011,6.87,0.002748,0.31952,5.75,0.0023,,,,,,
0.32051,6.84,0.002736,0.31992,5.69,0.002845,,,,,,
0.32091,6.74,0.002696,0.32042,5.56,0.002224,,,,,,
0.32131,6.87,0.002748,0.32082,5.61,0.002244,,,,,,
0.32171,6.71,0.002684,0.32122,5.62,0.002248,,,,,,
0.32211,6.77,0.002708,0.32162,5.59,0.002236,,,,,,
0.32251,6.85,0.00274,0.32202,5.61,0.002244,,,,,,
0.32291,6.75,0.002025,0.32242,5.46,0.002184,,,,,,
0.32321,6.84,0.002736,0.32282,5.45,0.00218,,,,,,
0.32361,6.58,0.00329,0.32322,5.54,0.002216,,,,,,
0.32411,6.65,0.00266,0.32362,5.51,0.002204,,,,,,
0.32451,6.53,0.002612,0.32402,5.25,0.0021,,,,,,
0.32491,6.81,0.002724,0.32442,5.33,0.002132,,,,,,
0.32531,6.69,0.002676,0.32482,5.24,0.002096,,,,,,
0.32571,6.36,0.002544,0.32522,5.38,0.002152,,,,,,
0.32611,6.55,0.00262,0.32562,5.26,0.002104,,,,,,
0.32651,6.26,0.002504,0.32602,5.07,0.001521,,,,,,
0.32691,6.51,0.002604,0.32632,5.26,0.00263,,,,,,
0.32731,6.44,0.00322,0.32682,5.18,0.002072,,,,,,
0.32781,6.43,0.002572,0.32722,5.13,0.002052,,,,,,
0.32821,6.5,0.0026,0.32762,5.06,0.002024,,,,,,
0.32861,6.3,0.00252,0.32802,5.05,0.00202,,,,,,
0.32901,6.31,0.002524,0.32842,5.17,0.002068,,,,,,
0.32941,6.01,0.002404,0.32882,5.08,0.002032,,,,,,
0.32981,6.18,0.002472,0.32922,5,0.002,,,,,,
0.33021,5.9,0.00295,0.32962,4.93,0.001972,,,,,,
0.33071,5.78,0.002312,0.33002,4.92,0.001968,,,,,,
0.33111,5.89,0.002356,0.33042,4.86,0.001944,,,,,,
0.33151,6.05,0.00242,0.33082,4.89,0.002445,,,,,,
0.33191,5.97,0.002985,0.33132,4.78,0.001912,,,,,,
0.33241,5.96,0.00298,0.33172,4.83,0.001932,,,,,,
0.33291,5.67,0.002268,0.33212,4.93,0.001972,,,,,,
0.33331,5.93,0.002372,0.33252,4.97,0.002485,,,,,,
0.33371,5.93,0.002372,0.33302,4.87,0.001948,,,,,,
0.33411,5.89,0.002356,0.33342,4.72,0.00236,,,,,,
0.33451,5.87,0.002935,0.33392,4.79,0.001916,,,,,,
0.33501,5.85,0.00234,0.33432,4.66,0.001864,,,,,,
0.33541,5.81,0.002905,0.33472,4.76,0.00238,,,,,,
0.33591,5.67,0.002268,0.33522,4.66,0.001864,,,,,,
0.33631,5.75,0.002875,0.33562,4.66,0.001864,,,,,,
0.33681,5.82,0.002328,0.33602,4.68,0.00234,,,,,,
0.33721,5.84,0.002336,0.33652,4.59,0.001836,,,,,,
0.33761,5.68,0.002272,0.33692,4.57,0.001828,,,,,,
0.33801,5.62,0.002248,0.33732,4.43,0.001772,,,,,,
0.33841,5.71,0.002284,0.33772,4.43,0.001772,,,,,,
0.33881,5.63,0.002252,0.33812,4.38,0.00219,,,,,,
0.33921,5.71,0.002284,0.33862,4.6,0.00138,,,,,,
0.33961,5.85,0.00234,0.33892,4.48,0.001792,,,,,,
0.34001,5.75,0.0023,0.33932,4.44,0.001776,,,,,,
0.34041,5.73,0.002292,0.33972,4.41,0.002205,,,,,,
0.34081,5.59,0.002236,0.34022,4.44,0.001776,,,,,,
0.34121,5.56,0.002224,0.34062,4.44,0.001776,,,,,,
0.34161,5.58,0.002232,0.34102,4.34,0.001736,,,,,,
0.34201,5.57,0.002228,0.34142,4.25,0.0017,,,,,,
0.34241,5.69,0.002276,0.34182,4.35,0.00174,,,,,,
0.34281,5.35,0.00214,0.34222,4.25,0.0017,,,,,,
0.34321,5.42,0.002168,0.34262,4.14,0.001656,,,,,,
0.34361,5.35,0.00214,0.34302,4.33,0.001732,,,,,,
0.34401,5.3,0.00212,0.34342,4.16,0.001664,,,,,,
0.34441,5.58,0.002232,0.34382,4.21,0.001684,,,,,,
0.34481,5.31,0.002124,0.34422,4.13,0.001652,,,,,,
0.34521,5.34,0.002136,0.34462,4.13,0.001652,,,,,,
0.34561,5.47,0.002188,0.34502,4.16,0.001664,,,,,,
0.34601,5.37,0.002148,0.34542,4.17,0.001668,,,,,,
0.34641,5.52,0.002208,0.34582,4.16,0.001664,,,,,,
0.34681,5.11,0.002555,0.34622,4.01,0.002005,,,,,,
0.34731,5.26,0.002104,0.34672,4.05,0.00162,,,,,,
0.34771,5.25,0.0021,0.34712,4.01,0.001604,,,,,,
0.34811,5.11,0.002044,0.34752,4.11,0.002055,,,,,,
0.34851,5.48,0.00274,0.34802,3.84,0.001536,,,,,,
0.34901,5.35,0.00214,0.34842,3.98,0.001592,,,,,,
0.34941,5.29,0.002116,0.34882,3.76,0.001504,,,,,,
0.34981,5.22,0.00261,0.34922,3.99,0.001995,,,,,,
0.35031,5.16,0.002064,0.34972,3.9,0.00156,,,,,,
0.35071,5.13,0.002565,0.35012,3.73,0.001492,,,,,,
0.35121,5.2,0.00208,0.35052,3.81,0.001905,,,,,,
0.35161,5.19,0.002076,0.35102,3.79,0.001516,,,,,,
0.35201,5.12,0.00256,0.35142,3.88,0.00194,,,,,,
0.35251,4.89,0.001956,0.35192,3.94,0.001576,,,,,,
0.35291,5.23,0.002092,0.35232,3.79,0.001516,,,,,,
0.35331,5.13,0.002052,0.35272,3.81,0.001524,,,,,,
0.35371,4.99,0.001996,0.35312,3.82,0.00191,,,,,,
0.35411,5.04,0.002016,0.35362,3.7,0.00148,,,,,,
0.35451,4.98,0.001992,0.35402,3.7,0.00148,,,,,,
0.35491,5.04,0.002016,0.35442,3.65,0.00146,,,,,,
0.35531,5.03,0.002012,0.35482,3.7,0.00148,,,,,,
0.35571,4.97,0.001988,0.35522,3.66,0.001464,,,,,,
0.35611,5.04,0.002016,0.35562,3.71,0.001484,,,,,,
0.35651,4.98,0.001992,0.35602,3.55,0.00142,,,,,,
0.35691,4.91,0.001964,0.35642,3.52,0.001408,,,,,,
0.35731,4.9,0.00196,0.35682,3.55,0.00142,,,,,,
0.35771,4.97,0.001988,0.35722,3.58,0.001432,,,,,,
0.35811,4.87,0.001948,0.35762,3.56,0.001424,,,,,,
0.35851,4.95,0.00198,0.35802,3.5,0.0014,,,,,,
0.35891,4.9,0.00196,0.35842,3.61,0.001444,,,,,,
0.35931,4.81,0.001924,0.35882,3.38,0.001352,,,,,,
0.35971,4.86,0.001944,0.35922,3.58,0.001432,,,,,,
0.36011,4.78,0.001912,0.35962,3.63,0.001452,,,,,,
0.36051,4.86,0.001944,0.36002,3.43,0.001372,,,,,,
0.36091,4.6,0.00184,0.36042,3.43,0.001372,,,,,,
0.36131,4.73,0.001892,0.36082,3.52,0.001408,,,,,,
0.36171,4.82,0.001928,0.36122,3.52,0.001408,,,,,,
0.36211,4.71,0.001884,0.36162,3.41,0.001364,,,,,,
0.36251,4.83,0.001932,0.36202,3.25,0.0013,,,,,,
0.36291,4.82,0.00241,0.36242,3.33,0.001332,,,,,,
0.36341,4.82,0.001928,0.36282,3.4,0.0017,,,,,,
0.36381,4.78,0.001912,0.36332,3.32,0.001328,,,,,,
0.36421,4.7,0.00188,0.36372,3.23,0.001292,,,,,,
0.36461,4.66,0.001864,0.36412,3.32,0.001328,,,,,,
0.36501,4.51,0.002255,0.36452,3.31,0.001655,,,,,,
0.36551,4.58,0.001832,0.36502,3.45,0.00138,,,,,,
0.36591,4.65,0.00186,0.36542,3.32,0.001328,,,,,,
0.36631,4.54,0.00227,0.36582,3.31,0.001655,,,,,,
0.36681,4.66,0.001864,0.36632,3.28,0.001312,,,,,,
0.36721,4.64,0.001856,0.36672,3.2,0.0016,,,,,,
0.36761,4.58,0.00229,0.36722,3.21,0.001284,,,,,,
0.36811,4.42,0.001768,0.36762,3.14,0.001256,,,,,,
0.36851,4.38,0.001752,0.36802,3.19,0.001595,,,,,,
0.36891,4.54,0.001816,0.36852,3.18,0.001272,,,,,,
0.36931,4.3,0.00215,0.36892,3.15,0.001575,,,,,,
0.36981,4.38,0.001752,0.36942,3.05,0.00122,,,,,,
0.37021,4.44,0.001776,0.36982,2.85,0.00114,,,,,,
0.37061,4.44,0.001776,0.37022,2.96,0.001184,,,,,,
0.37101,4.29,0.001716,0.37062,3.21,0.001605,,,,,,
0.37141,4.41,0.001764,0.37112,3.02,0.001208,,,,,,
0.37181,4.11,0.001644,0.37152,3.07,0.001228,,,,,,
0.37221,4.18,0.001254,0.37192,2.9,0.00116,,,,,,
0.37251,4.21,0.002105,0.37232,3.05,0.00122,,,,,,
0.37301,4.36,0.001744,0.37272,3.03,0.001212,,,,,,
0.37341,4.34,0.001736,0.37312,3.05,0.00122,,,,,,
0.37381,4.24,0.001696,0.37352,3,0.0012,,,,,,
0.37421,4.38,0.001752,0.37392,2.86,0.001144,,,,,,
0.37461,4.47,0.001788,0.37432,2.99,0.001495,,,,,,
0.37501,4.13,0.001239,0.37482,2.82,0.001128,,,,,,
0.37531,4.19,0.001676,0.37522,2.8,0.00084,,,,,,
0.37571,4.18,0.001672,0.37552,2.88,0.00144,,,,,,
0.37611,4.08,0.001632,0.37602,2.82,0.001128,,,,,,
0.37651,4.18,0.00209,0.37642,2.75,0.0011,,,,,,
0.37701,3.95,0.00158,0.37682,2.73,0.001092,,,,,,
0.37741,3.99,0.001596,0.37722,2.65,0.00106,,,,,,
0.37781,3.9,0.00156,0.37762,2.66,0.001064,,,,,,
0.37821,2.87,0.000861,0.37802,2.48,0.000992,,,,,,
0.37851,2.97,0.001485,0.37842,2.48,0.000744,,,,,,
0.37901,2.85,0.00114,0.37872,2.5,0.001,,,,,,
0.37941,2.73,0.001092,0.37912,2.46,0.000984,,,,,,
0.37981,2.59,0.001036,0.37952,2.48,0.000992,,,,,,
0.38021,2.52,0.001008,0.37992,2.54,0.00127,,,,,,
0.38061,2.74,0.001096,0.38042,2.42,0.00121,,,,,,
0.38101,2.3,0.00092,0.38092,2.4,0.0012,,,,,,
0.38141,2.34,0.00117,0.38142,2.47,0.001235,,,,,,
0.38191,2.3,0.00092,0.38192,2.45,0.00098,,,,,,
0.38231,2.2,0.00088,0.38232,2.27,0.000908,,,,,,
0.38271,2.25,0.0009,0.38272,2.33,0.000932,,,,,,
0.38311,2.1,0.00105,0.38312,2.36,0.000944,,,,,,
0.38361,1.84,0.000736,0.38352,2.11,0.000844,,,,,,
0.38401,1.88,0.00094,0.38392,2.41,0.001205,,,,,,
0.38451,2.06,0.00103,0.38442,2.39,0.000956,,,,,,
0.38501,2.03,0.000812,0.38482,2.2,0.0011,,,,,,
0.38541,2.01,0.000804,0.38532,2.29,0.000916,,,,,,
0.38581,2.02,0.00101,0.38572,2.28,0.000912,,,,,,
0.38631,2.02,0.000808,0.38612,2.23,0.001115,,,,,,
0.38671,1.91,0.000764,0.38662,2.29,0.000916,,,,,,
0.38711,2.06,0.000824,0.38702,2.32,0.000928,,,,,,
0.38751,2.01,0.000804,0.38742,2.21,0.000884,,,,,,
0.38791,1.99,0.000796,0.38782,2.24,0.000896,,,,,,
0.38831,2.04,0.00102,0.38822,2.19,0.000876,,,,,,
0.38881,1.88,0.000752,0.38862,2.08,0.00104,,,,,,
0.38921,1.95,0.00078,0.38912,2.23,0.000892,,,,,,
0.38961,1.92,0.000768,0.38952,2.2,0.00066,,,,,,
0.39001,1.86,0.000744,0.38982,2.04,0.000816,,,,,,
0.39041,1.8,0.00072,0.39022,2.05,0.00082,,,,,,
0.39081,1.83,0.000732,0.39062,2.22,0.00111,,,,,,
0.39121,1.66,0.000498,0.39112,2.06,0.000824,,,,,,
0.39151,1.75,0.0007,0.39152,2.14,0.000856,,,,,,
0.39191,1.72,0.000688,0.39192,1.93,0.000772,,,,,,
0.39231,1.94,0.00097,0.39232,2.23,0.000892,,,,,,
0.39281,1.64,0.000656,0.39272,2.26,0.000904,,,,,,
0.39321,1.77,0.000708,0.39312,2.06,0.000824,,,,,,
0.39361,1.81,0.000724,0.39352,2.07,0.000621,,,,,,
0.39401,1.77,0.000708,0.39382,1.97,0.000788,,,,,,
0.39441,1.55,0.00062,0.39422,2.05,0.001025,,,,,,
0.39481,1.56,0.000624,0.39472,1.99,0.000796,,,,,,
0.39521,1.56,0.000624,0.39512,2.08,0.000832,,,,,,
0.39561,1.74,0.000696,0.39552,1.98,0.000792,,,,,,
0.39601,1.69,0.000676,0.39592,1.99,0.000796,,,,,,
0.39641,1.67,0.000668,0.39632,2.22,0.000888,,,,,,
0.39681,1.57,0.000628,0.39672,2.1,0.00084,,,,,,
0.39721,1.6,0.00064,0.39712,1.99,0.000995,,,,,,
0.39761,1.61,0.000805,0.39762,1.99,0.000796,,,,,,
0.39811,1.54,0.00077,0.39802,2.09,0.000836,,,,,,
0.39861,1.64,0.000656,0.39842,2.09,0.000836,,,,,,
0.39901,1.55,0.00062,0.39882,1.99,0.000796,,,,,,
0.39941,1.48,0.00074,0.39922,1.99,0.000796,,,,,,
0.39991,1.55,0.00062,0.39962,2.06,0.00103,,,,,,
0.40031,1.44,0.000576,0.40012,1.91,0.000764,,,,,,
0.40071,1.57,0.000785,0.40052,1.93,0.000965,,,,,,
0.40121,1.48,0.000592,0.40102,1.99,0.000796,,,,,,
0.40161,1.45,0.000725,0.40142,1.77,0.000708,,,,,,
0.40211,1.41,0.000564,0.40182,1.91,0.000955,,,,,,
0.40251,1.59,0.000636,0.40232,1.92,0.000768,,,,,,
0.40291,1.36,0.00068,0.40272,1.91,0.000764,,,,,,
0.40341,1.64,0.000656,0.40312,1.94,0.00097,,,,,,
0.40381,1.5,0.0006,0.40362,1.85,0.00074,,,,,,
0.40421,1.24,0.000496,0.40402,1.89,0.000756,,,,,,
0.40461,1.41,0.000564,0.40442,1.89,0.000756,,,,,,
0.40501,1.5,0.0006,0.40482,1.89,0.000756,,,,,,
0.40541,1.4,0.00042,0.40522,1.97,0.000985,,,,,,
0.40571,1.42,0.000568,0.40572,1.82,0.000728,,,,,,
0.40611,1.39,0.000556,0.40612,2,0.0006,,,,,,
0.40651,1.35,0.00054,0.40642,1.86,0.000744,,,,,,
0.40691,1.39,0.000695,0.40682,1.89,0.000945,,,,,,
0.40741,1.37,0.000548,0.40732,1.82,0.000728,,,,,,
0.40781,1.46,0.00073,0.40772,1.86,0.000558,,,,,,
0.40831,1.41,0.000564,0.40802,1.79,0.000716,,,,,,
0.40871,1.45,0.00058,0.40842,1.86,0.000744,,,,,,
0.40911,1.42,0.000568,0.40882,1.77,0.000885,,,,,,
0.40951,1.37,0.000411,0.40932,1.86,0.000744,,,,,,
0.40981,1.57,0.000628,0.40972,1.75,0.0007,,,,,,
0.41021,1.39,0.000556,0.41012,1.81,0.000724,,,,,,
0.41061,1.42,0.00071,0.41052,1.9,0.00076,,,,,,
0.41111,1.43,0.000572,0.41092,1.83,0.000732,,,,,,
0.41151,1.59,0.000159,0.41132,1.78,0.000712,,,,,,
0.41161,1.12,,0.41172,1.71,0.000684,,,,,,
,,,0.41212,1.8,0.00072,,,,,,
,,,0.41252,1.69,0.000676,,,,,,
,,,0.41292,1.88,0.000752,,,,,,
,,,0.41332,1.91,0.000764,,,,,,
,,,0.41372,1.82,0.000728,,,,,,
,,,0.41412,1.95,0.00078,,,,,,
,,,0.41452,1.94,0.00097,,,,,,
,,,0.41502,1.66,0.000664,,,,,,
,,,0.41542,1.83,0.000732,,,,,,
,,,0.41582,1.6,0.00064,,,,,,
,,,0.41622,1.83,0.000732,,,,,,
,,,0.41662,1.75,0.000875,,,,,,
,,,0.41712,1.74,0.00087,,,,,,
,,,0.41762,1.65,0.00066,,,,,,
,,,0.41802,1.6,0.00064,,,,,,
,,,0.41842,1.73,0.000692,,,,,,
,,,0.41882,1.75,0.000875,,,,,,
,,,0.41932,1.64,0.000656,,,,,,
,,,0.41972,1.67,0.000835,,,,,,
,,,0.42022,1.64,0.000656,,,,,,
,,,0.42062,1.72,0.000688,,,,,,
,,,0.42102,1.72,0.000688,,,,,,
,,,0.42142,1.6,0.0008,,,,,,
,,,0.42192,1.53,0.000612,,,,,,
,,,0.42232,1.71,0.000684,,,,,,
,,,0.42272,1.57,0.000471,,,,,,
,,,0.42302,1.61,0.000644,,,,,,
,,,0.42342,1.54,0.000616,,,,,,
,,,0.42382,1.69,0.000676,,,,,,
,,,0.42422,1.62,0.000648,,,,,,
,,,0.42462,1.4,0.00056,,,,,,
,,,0.42502,1.61,0.000644,,,,,,
,,,0.42542,1.56,0.000624,,,,,,
,,,0.42582,1.52,0.00076,,,,,,
,,,0.42632,1.53,0.000612,,,,,,
,,,0.42672,1.56,0.000624,,,,,,
,,,0.42712,1.55,0.00062,,,,,,
,,,0.42752,1.53,0.000612,,,,,,
,,,0.42792,1.5,0.0006,,,,,,
,,,0.42832,1.54,0.000616,,,,,,
,,,0.42872,1.53,0.000612,,,,,,
,,,0.42912,1.54,0.000462,,,,,,
,,,0.42942,1.3,,,,,,,
